sample,tempo para fechamento,number,creator user cargo,creator user seguidores,creator user tempo no GitHub,closed user cargo,closed user seguidores,closed user tempo no GitHub,closed_count,open_count,framework,relative_open_count,relative_closed_count
googlearchive/ADBPlugin,93.90625,22.272727272727273,,2736.6363636363635,635.8484848484849,,27048.6875,1722.75,32.0,1.0,Android,3.0303030303030303,96.96969696969697
googlearchive/Abelana-Android,,1.0,,64.0,1058.0,,,,0.0,1.0,Android,100.0,0.0
googlearchive/CWSLauncher-extension,,1.0,,0.0,620.0,,,,0.0,1.0,Android,100.0,0.0
googlearchive/ChromeWebLab,8.333333333333334,31.64814814814815,,1105.0555555555557,1304.3703703703704,,1130.4666666666667,1350.2333333333333,30.0,24.0,Android,44.44444444444444,55.55555555555556
googlearchive/EventSource-Examples,9.0,3.6666666666666665,,12.333333333333334,1202.0,,68.0,1935.0,2.0,1.0,Android,33.33333333333333,66.66666666666666
googlearchive/FirebaseUI,45.5,4.0,,741.6666666666666,1546.8333333333333,,1257.1666666666667,1093.1666666666667,6.0,0.0,Android,0.0,100.0
googlearchive/IMD,119.33333333333333,11.875,,156.375,2109.375,,563.0,1903.6666666666667,3.0,5.0,Android,62.5,37.5
googlearchive/MobileShoppingAssistant-sample,141.0,2.5,,3.5,492.5,,7.0,220.0,1.0,1.0,Android,50.0,50.0
googlearchive/NodeBind,18.88888888888889,8.461538461538462,,289.38461538461536,1175.6923076923076,,414.3333333333333,1172.5555555555557,9.0,4.0,Android,30.76923076923077,69.23076923076923
googlearchive/OpenInChrome,0.0,14.384615384615385,,42.92307692307692,860.9230769230769,,1.0,630.0,1.0,12.0,Android,92.3076923076923,7.6923076923076925
googlearchive/PointerGestures,102.0,26.23076923076923,,223.5,1496.1923076923076,,424.2,1903.36,25.0,1.0,Android,3.8461538461538463,96.15384615384616
googlearchive/Propel,102.26315789473684,40.25925925925926,,609.4074074074074,2063.703703703704,,887.2105263157895,2377.4736842105262,19.0,8.0,Android,29.629629629629626,70.37037037037037
googlearchive/TemplateBinding,53.289655172413795,105.72727272727273,,468.14204545454544,1095.25,,468.36551724137934,1023.0137931034483,145.0,31.0,Android,17.613636363636363,82.38636363636364
googlearchive/abelana,0.0,7.428571428571429,,92.14285714285714,1176.4285714285713,,136.5,1890.0,2.0,5.0,Android,71.42857142857143,28.57142857142857
googlearchive/accessibility-developer-tools-extension,10.8,28.923076923076923,,351.5769230769231,1503.576923076923,,262.8,1831.2,5.0,21.0,Android,80.76923076923077,19.230769230769234
googlearchive/ace-element,,4.5,,22.0,1256.0,,,,0.0,2.0,Android,100.0,0.0
googlearchive/acre,0.0,3.5,,1475.0,264.0,,1475.0,264.0,3.0,3.0,Android,50.0,50.0
googlearchive/actionssdk-eliza-nodejs,133.0,6.0,,33.0,3215.0,,127.0,2075.0,1.0,0.0,Android,0.0,100.0
googlearchive/adaptive-ui-patterns,21.6,4.0,,27052.714285714286,2249.5714285714284,,37673.0,2333.0,5.0,2.0,Android,28.57142857142857,71.42857142857143
googlearchive/airspeed,,1.0,,104.0,1776.0,,,,0.0,1.0,Android,100.0,0.0
googlearchive/android-AccelerometerPlay,317.0,3.5,,4.0,541.0,,56.0,1667.5,2.0,0.0,Android,0.0,100.0
googlearchive/android-ActionBarCompat-ShareActionProvider,909.3333333333334,5.333333333333333,,23.666666666666668,897.6666666666666,,104.0,2377.0,3.0,0.0,Android,0.0,100.0
googlearchive/android-ActionBarCompat-Styled,310.0,1.0,,75.0,1337.0,,75.0,1647.0,1.0,0.0,Android,0.0,100.0
googlearchive/android-ActiveNotifications,1174.2857142857142,5.285714285714286,,103.42857142857143,1665.857142857143,,104.0,2357.0,7.0,0.0,Android,0.0,100.0
googlearchive/android-ActivitySceneTransitionBasic,208.77777777777777,6.555555555555555,,1069.3333333333333,1265.111111111111,,4506.444444444444,1836.3333333333333,9.0,0.0,Android,0.0,100.0
googlearchive/android-AlwaysOn,464.0,1.0,,1.0,375.0,,104.0,2334.0,1.0,0.0,Android,0.0,100.0
googlearchive/android-AppRestrictionEnforcer,1139.0,2.0,,1.0,542.3333333333334,,104.0,2339.0,3.0,0.0,Android,0.0,100.0
googlearchive/android-AppRestrictionSchema,1076.0,1.0,,6.0,2184.0,,104.0,2339.0,1.0,0.0,Android,0.0,100.0
googlearchive/android-AppRestrictions,1174.0,1.0,,2.0,69.0,,104.0,2339.0,1.0,0.0,Android,0.0,100.0
googlearchive/android-AppShortcuts,3.5,9.0,,27.5,521.25,,27.5,525.0,4.0,0.0,Android,0.0,100.0
googlearchive/android-AsymmetricFingerprintDialog,791.625,8.5,,7.75,1101.625,,104.0,2368.0,8.0,0.0,Android,0.0,100.0
googlearchive/android-AutoBackupForApps,1554.0,1.0,,11.0,133.0,,104.0,2377.0,1.0,0.0,Android,0.0,100.0
googlearchive/android-AutofillFramework,10.0,7.3076923076923075,,589.4615384615385,1300.7692307692307,,555.8461538461538,1368.5384615384614,13.0,0.0,Android,0.0,100.0
googlearchive/android-BasicAccessibility,837.1666666666666,5.166666666666667,,178.0,2169.8333333333335,,104.0,2377.0,6.0,0.0,Android,0.0,100.0
googlearchive/android-BasicAndroidKeyStore,482.5,2.75,,18.0,1366.25,,104.0,2368.0,4.0,0.0,Android,0.0,100.0
googlearchive/android-BasicManagedProfile,222.6,4.8,,3.2,805.0,,689.4,1611.6,5.0,0.0,Android,0.0,100.0
googlearchive/android-BasicMediaDecoder,0.0,6.0,,130.0,2677.0,,130.0,2677.0,1.0,0.0,Android,0.0,100.0
googlearchive/android-BasicMultitouch,272.0,1.0,,28.0,430.0,,28.0,703.0,1.0,0.0,Android,0.0,100.0
googlearchive/android-BasicNetworking,138.0,1.0,,0.0,1747.0,,104.0,2363.0,1.0,0.0,Android,0.0,100.0
googlearchive/android-BasicNotifications,486.0,4.0,,131.25,1338.0,,864.5,1849.75,4.0,0.0,Android,0.0,100.0
googlearchive/android-BasicRenderScript,730.2,3.2,,5.4,826.2,,87.4,2051.0,5.0,0.0,Android,0.0,100.0
googlearchive/android-BasicSyncAdapter,811.4444444444445,8.11111111111111,,13.666666666666666,975.4444444444445,,92.44444444444444,2140.777777777778,9.0,0.0,Android,0.0,100.0
googlearchive/android-BasicTransition,1.0,2.0,,8.0,324.0,,1469.0,1518.0,1.0,0.0,Android,0.0,100.0
googlearchive/android-BatchStepSensor,1026.0,2.0,,4.0,1486.0,,104.0,2340.0,1.0,0.0,Android,0.0,100.0
googlearchive/android-BluetoothAdvertisements,104.0,6.0,,1482.0,1384.0,,12.5,440.0,3.0,0.0,Android,0.0,100.0
googlearchive/android-BluetoothChat,62.8,23.2,,13.8,733.2,,646.8,1205.6,5.0,0.0,Android,0.0,100.0
googlearchive/android-BluetoothLeGatt,81.8,34.4,,3.2,655.4,,348.3,987.1,10.0,0.0,Android,0.0,100.0
googlearchive/android-BorderlessButtons,1354.5,2.0,,28.0,1647.0,,104.0,2364.0,2.0,0.0,Android,0.0,100.0
googlearchive/android-Camera2Basic,683.2045454545455,82.00757575757575,,171.68939393939394,1047.9242424242425,,180.16666666666666,2164.3863636363635,132.0,0.0,Android,0.0,100.0
googlearchive/android-Camera2Raw,675.6666666666666,13.61111111111111,,4.444444444444445,1311.5,,104.0,2349.0,18.0,0.0,Android,0.0,100.0
googlearchive/android-Camera2Video,755.6111111111111,51.6,,170.05555555555554,1013.9111111111112,,106.68539325842697,2204.14606741573,90.0,0.0,Android,0.0,100.0
googlearchive/android-CardEmulation,397.5833333333333,6.5,,12.916666666666666,1118.4166666666667,,96.0,2193.9166666666665,12.0,0.0,Android,0.0,100.0
googlearchive/android-CardReader,336.5,2.5,,0.5,1323.5,,104.0,2363.0,2.0,0.0,Android,0.0,100.0
googlearchive/android-CardView,471.0,3.6666666666666665,,4.666666666666667,738.6666666666666,,388.3333333333333,1445.6666666666667,3.0,0.0,Android,0.0,100.0
googlearchive/android-CommitContentSampleIME,0.0,12.0,,3.0,1289.0,,3.0,1289.0,1.0,0.0,Android,0.0,100.0
googlearchive/android-ConfirmCredential,643.3333333333334,5.0,,27.666666666666668,1950.6666666666667,,77.0,2277.3333333333335,3.0,0.0,Android,0.0,100.0
googlearchive/android-ConstraintLayoutExamples,36.0,48.53846153846154,,15.923076923076923,1374.1538461538462,,626.4615384615385,1852.8461538461538,13.0,0.0,Android,0.0,100.0
googlearchive/android-ContentProviderPaging,739.0,1.0,,26.0,1123.0,,104.0,2363.0,1.0,0.0,Android,0.0,100.0
googlearchive/android-CustomChoiceList,1115.0,3.2,,906.4,890.6,,104.0,2364.0,5.0,0.0,Android,0.0,100.0
googlearchive/android-CustomNotifications,41.0,1.0,,2824.0,962.0,,3231.0,1942.0,1.0,0.0,Android,0.0,100.0
googlearchive/android-CustomTransition,254.0,2.0,,15.0,917.0,,104.0,2334.0,1.0,0.0,Android,0.0,100.0
googlearchive/android-DarkTheme,0.5,3.0,,554.0,658.0,,554.0,659.5,2.0,0.0,Android,0.0,100.0
googlearchive/android-DataLayer,198.75,3.75,,10.0,1270.5,,104.0,2013.75,4.0,0.0,Android,0.0,100.0
googlearchive/android-DelayedConfirmation,263.6666666666667,2.0,,21.666666666666668,1189.3333333333333,,70.0,1114.6666666666667,3.0,0.0,Android,0.0,100.0
googlearchive/android-DeviceOwner,831.0,3.6666666666666665,,0.5,599.5,,86.66666666666667,1971.8333333333333,6.0,0.0,Android,0.0,100.0
googlearchive/android-DirectBoot,576.3333333333334,4.666666666666667,,14.833333333333334,1109.0,,628.5,2081.3333333333335,6.0,0.0,Android,0.0,100.0
googlearchive/android-DirectShare,949.0,3.5,,789.6666666666666,1391.3333333333333,,104.0,2377.0,6.0,0.0,Android,0.0,100.0
googlearchive/android-DirectorySelection,547.75,4.625,,105.0,1337.875,,574.75,2254.625,8.0,0.0,Android,0.0,100.0
googlearchive/android-DisplayingBitmaps,241.71428571428572,5.857142857142857,,1263.2857142857142,1603.7142857142858,,61.714285714285715,2153.8571428571427,7.0,0.0,Android,0.0,100.0
googlearchive/android-DocumentCentricApps,0.0,1.0,,999.0,982.0,,999.0,983.0,1.0,0.0,Android,0.0,100.0
googlearchive/android-DownloadableFonts,55.0,5.6,,3.2,580.4,,691.8,1661.0,5.0,0.0,Android,0.0,100.0
googlearchive/android-DrawableTinting,362.0,1.0,,4419.0,3774.0,,104.0,2339.0,1.0,0.0,Android,0.0,100.0
googlearchive/android-ElevationBasic,105.0,1.0,,4.0,1014.0,,3231.0,1661.0,1.0,0.0,Android,0.0,100.0
googlearchive/android-ElevationDrag,91.0,1.0,,4.0,1028.0,,3231.0,1661.0,1.0,0.0,Android,0.0,100.0
googlearchive/android-ElizaChat,629.0,1.0,,1.0,153.0,,104.0,1370.0,1.0,0.0,Android,0.0,100.0
googlearchive/android-EmojiCompat,7.833333333333333,16.5,,3.1666666666666665,1296.6666666666667,,3.1666666666666665,1304.6666666666667,6.0,0.0,Android,0.0,100.0
googlearchive/android-FindMyPhone,478.5,1.5,,2.0,1068.0,,104.0,1370.0,2.0,0.0,Android,0.0,100.0
googlearchive/android-FingerprintDialog,524.5294117647059,31.88235294117647,,264.15686274509807,944.9607843137255,,388.921568627451,2010.6274509803923,51.0,0.0,Android,0.0,100.0
googlearchive/android-FloatingActionButtonBasic,703.25,2.5,,139.0,1117.25,,4952.0,2126.0,4.0,0.0,Android,0.0,100.0
googlearchive/android-Geofencing,441.6666666666667,6.111111111111111,,47.77777777777778,1300.3333333333333,,904.5555555555555,2013.3333333333333,9.0,0.0,Android,0.0,100.0
googlearchive/android-GridViewPager,14.0,2.0,,4.0,1386.0,,104.0,1396.0,1.0,0.0,Android,0.0,100.0
googlearchive/android-HdrViewfinder,729.3333333333334,3.5,,9.333333333333334,887.6666666666666,,77.33333333333333,2222.5,6.0,0.0,Android,0.0,100.0
googlearchive/android-Interpolator,1151.75,2.5,,11.5,1049.5,,366.25,2103.75,4.0,0.0,Android,0.0,100.0
googlearchive/android-JobScheduler,338.9166666666667,7.25,,23.5,909.0833333333334,,769.1666666666666,2317.25,12.0,0.0,Android,0.0,100.0
googlearchive/android-JumpingJack,114.5,1.5,,0.0,489.0,,104.0,2332.0,2.0,0.0,Android,0.0,100.0
googlearchive/android-LNotifications,531.0,2.0,,5.333333333333333,1009.6666666666666,,69.33333333333333,1857.0,3.0,0.0,Android,0.0,100.0
googlearchive/android-MediaBrowserService,310.8,6.5,,4.9,1067.4,,86.9,2839.1,10.0,0.0,Android,0.0,100.0
googlearchive/android-MediaEffects,461.0,2.0,,76.0,535.5,,127.5,1586.5,2.0,0.0,Android,0.0,100.0
googlearchive/android-MediaRecorder,493.09090909090907,12.181818181818182,,33.36363636363637,1535.7272727272727,,99.72727272727273,2450.2727272727275,11.0,0.0,Android,0.0,100.0
googlearchive/android-MessagingService,837.0,3.75,,310.25,1421.75,,104.0,2363.0,4.0,0.0,Android,0.0,100.0
googlearchive/android-MidiScope,1480.0,1.0,,288.0,2671.0,,104.0,2353.0,1.0,0.0,Android,0.0,100.0
googlearchive/android-MultiWindowPlayground,130.0,3.3333333333333335,,67.33333333333333,653.3333333333334,,524.3333333333334,1051.6666666666667,3.0,0.0,Android,0.0,100.0
googlearchive/android-NavigationDrawer,1033.4285714285713,7.285714285714286,,122.71428571428571,1115.0,,195.28571428571428,2090.8571428571427,7.0,0.0,Android,0.0,100.0
googlearchive/android-NetworkConnect,245.0,2.3333333333333335,,10.666666666666666,1264.3333333333333,,3231.0,1922.0,3.0,0.0,Android,0.0,100.0
googlearchive/android-NfcProvisioning,571.4,3.0,,891.6,1677.8,,69.6,1758.8,5.0,0.0,Android,0.0,100.0
googlearchive/android-NotificationChannels,585.7692307692307,13.307692307692308,,594.7692307692307,1387.0,,97.53846153846153,2132.3846153846152,13.0,0.0,Android,0.0,100.0
googlearchive/android-Notifications,128.16666666666666,5.166666666666667,,29.333333333333332,1477.5,,66.66666666666667,1871.8333333333333,6.0,0.0,Android,0.0,100.0
googlearchive/android-OurStreets,332.6666666666667,2.0,,1084.0,1226.0,,2189.3333333333335,2318.0,3.0,0.0,Android,0.0,100.0
googlearchive/android-PdfRendererBasic,646.7391304347826,14.173913043478262,,32.91304347826087,854.5217391304348,,350.0,2092.695652173913,23.0,0.0,Android,0.0,100.0
googlearchive/android-PictureInPicture,91.4,7.4,,12.6,926.6,,34.6,1116.0,5.0,0.0,Android,0.0,100.0
googlearchive/android-RecyclerView,32.0,12.5,,11.333333333333334,726.8333333333334,,46.5,782.6666666666666,6.0,0.0,Android,0.0,100.0
googlearchive/android-RenderScriptIntrinsic,643.0,2.0,,21.0,1163.0,,104.0,2334.0,1.0,0.0,Android,0.0,100.0
googlearchive/android-RepeatingAlarm,784.5,1.5,,17.5,290.0,,104.0,2370.0,2.0,0.0,Android,0.0,100.0
googlearchive/android-RevealEffectBasic,71.0,1.0,,5.0,540.0,,16369.0,1808.0,1.0,0.0,Android,0.0,100.0
googlearchive/android-RuntimePermissions,819.0,12.272727272727273,,491.8181818181818,1288.909090909091,,147.63636363636363,1987.1818181818182,11.0,0.0,Android,0.0,100.0
googlearchive/android-RuntimePermissionsBasic,0.0,4.0,,0.0,1042.0,,0.0,1042.0,1.0,0.0,Android,0.0,100.0
googlearchive/android-RuntimePermissionsWear,685.0,1.0,,0.0,0.0,,104.0,2334.0,1.0,0.0,Android,0.0,100.0
googlearchive/android-ScopedDirectoryAccess,953.0,2.5,,248.0,1937.0,,104.0,2364.0,2.0,0.0,Android,0.0,100.0
googlearchive/android-ScreenCapture,456.0,10.818181818181818,,82.63636363636364,883.4545454545455,,1153.0,2794.0,11.0,0.0,Android,0.0,100.0
googlearchive/android-ShareActionProvider,753.0,1.5,,13.5,647.0,,104.0,2377.0,2.0,0.0,Android,0.0,100.0
googlearchive/android-SharingShortcuts,172.0,2.0,,6356.0,3564.0,,104.0,2363.0,1.0,0.0,Android,0.0,100.0
googlearchive/android-SkeletonWearableApp,381.0,2.5,,31.0,1326.0,,1667.5,1646.0,2.0,0.0,Android,0.0,100.0
googlearchive/android-SliceViewer,65.125,6.625,,1740.0,2591.375,,130.125,1899.875,8.0,0.0,Android,0.0,100.0
googlearchive/android-SlidingTabsBasic,995.0,4.6,,4.0,1061.0,,104.0,2377.0,5.0,0.0,Android,0.0,100.0
googlearchive/android-SlidingTabsColors,1291.5,1.5,,5.5,1137.0,,104.0,2377.0,2.0,0.0,Android,0.0,100.0
googlearchive/android-SpeedTracker,98.4,5.4,,107.2,920.8,,708.6,1156.8,5.0,0.0,Android,0.0,100.0
googlearchive/android-StorageProvider,692.8,3.4,,6.0,967.6,,729.4,2258.6,5.0,0.0,Android,0.0,100.0
googlearchive/android-SwipeRefreshListFragment,1022.0,2.0,,31.0,1774.0,,104.0,2364.0,1.0,0.0,Android,0.0,100.0
googlearchive/android-VideoPlayer,0.5,1.5,,28.0,794.0,,144.0,1535.0,2.0,0.0,Android,0.0,100.0
googlearchive/android-WatchFace,215.35294117647058,12.882352941176471,,58.11764705882353,1386.5294117647059,,278.2352941176471,1803.5882352941176,17.0,0.0,Android,0.0,100.0
googlearchive/android-WatchViewStub,115.0,1.5,,44.5,1139.0,,1667.5,1528.5,2.0,0.0,Android,0.0,100.0
googlearchive/android-WclDemoSample,1261.0,1.0,,4.0,2405.0,,104.0,2367.0,1.0,0.0,Android,0.0,100.0
googlearchive/android-WearAccessibilityApp,504.0,1.5,,23.0,1757.5,,104.0,2334.0,2.0,0.0,Android,0.0,100.0
googlearchive/android-WearCompanionLibrary,424.0,6.833333333333333,,39.333333333333336,1600.1666666666667,,66.33333333333333,1998.3333333333333,6.0,0.0,Android,0.0,100.0
googlearchive/android-WearOAuth,0.0,2.0,,42.666666666666664,1312.0,,70.0,1451.3333333333333,3.0,0.0,Android,0.0,100.0
googlearchive/android-WearSpeakerSample,118.0,2.0,,198.0,960.6666666666666,,69.33333333333333,1558.6666666666667,3.0,0.0,Android,0.0,100.0
googlearchive/android-WearStandaloneGoogleSignIn,31.0,2.0,,38.666666666666664,1942.6666666666667,,104.0,1824.0,3.0,0.0,Android,0.0,100.0
googlearchive/android-WearVerifyRemoteApp,392.6666666666667,2.0,,16.0,990.0,,69.66666666666667,1718.0,3.0,0.0,Android,0.0,100.0
googlearchive/android-WifiRttScan,2.0,1.0,,53.0,1151.0,,104.0,1986.0,1.0,0.0,Android,0.0,100.0
googlearchive/android-XYZTouristAttractions,72.875,5.125,,25.875,979.5,,48.5,1583.25,8.0,0.0,Android,0.0,100.0
googlearchive/android-ads,28.25,9.416666666666666,,6.083333333333333,734.0833333333334,,184.0,1580.4166666666667,12.0,0.0,Android,0.0,100.0
googlearchive/android-audio-high-performance,221.16867469879517,62.674698795180724,,176.6987951807229,1619.120481927711,,109.95180722891567,1926.3253012048192,83.0,0.0,Android,0.0,100.0
googlearchive/android-codelab-watchface,958.3333333333334,2.3333333333333335,,388.6666666666667,494.0,,104.0,2377.0,3.0,0.0,Android,0.0,100.0
googlearchive/android-constraint-layout-performance,194.0,3.5,,52.5,1953.5,,1153.0,2794.0,2.0,0.0,Android,0.0,100.0
googlearchive/android-credentials,285.6666666666667,24.14814814814815,,19.703703703703702,1440.4814814814815,,265.2962962962963,1893.8148148148148,27.0,0.0,Android,0.0,100.0
googlearchive/android-dynamic-features,33.0,24.11764705882353,,27.470588235294116,1426.2941176470588,,1825.5882352941176,2527.264705882353,34.0,0.0,Android,0.0,100.0
googlearchive/android-fit,375.0681818181818,27.386363636363637,,7.136363636363637,909.1363636363636,,208.3409090909091,1969.659090909091,44.0,0.0,Android,0.0,100.0
googlearchive/android-fit-xamarin,758.0,1.0,,4.0,1480.0,,104.0,2377.0,1.0,0.0,Android,0.0,100.0
googlearchive/android-gcmnetworkmanager,0.5,2.6666666666666665,,12.333333333333334,430.3333333333333,,1788.0,542.0,2.0,1.0,Android,33.33333333333333,66.66666666666666
googlearchive/android-google-accounts,1253.0,1.0,,0.0,0.0,,104.0,2363.0,1.0,0.0,Android,0.0,100.0
googlearchive/android-instant-apps,57.51111111111111,25.866666666666667,,14.866666666666667,1284.4222222222222,,2157.777777777778,2372.3555555555554,45.0,0.0,Android,0.0,100.0
googlearchive/android-nearby,232.75862068965517,42.689655172413794,,10.275862068965518,1056.896551724138,,315.58620689655174,1797.0344827586207,29.0,0.0,Android,0.0,100.0
googlearchive/android-play-awareness,920.3333333333334,2.0,,248.66666666666666,1231.3333333333333,,104.0,2367.0,3.0,0.0,Android,0.0,100.0
googlearchive/android-play-places,787.3913043478261,37.768115942028984,,85.47826086956522,785.768115942029,,122.26086956521739,1847.9710144927535,69.0,0.0,Android,0.0,100.0
googlearchive/android-preferences,9.0,1.5,,234.5,1895.5,,1616.5,2372.5,2.0,0.0,Android,0.0,100.0
googlearchive/android-text,38.6,7.0,,1.6,1340.0,,3584.0,2001.0,5.0,0.0,Android,0.0,100.0
googlearchive/android-topeka,200.75757575757575,19.060606060606062,,156.93939393939394,1294.121212121212,,1509.3939393939395,2560.848484848485,33.0,0.0,Android,0.0,100.0
googlearchive/android-transition-examples,306.0,6.142857142857143,,95.28571428571429,1433.5714285714287,,81.28571428571429,2235.0,7.0,0.0,Android,0.0,100.0
googlearchive/android-ui-toolkit-demos,845.5,4.333333333333333,,523.5,1271.1666666666667,,104.0,2349.0,6.0,0.0,Android,0.0,100.0
googlearchive/android-unsplash,51.5,7.25,,92.375,1552.25,,2913.5,2357.625,8.0,0.0,Android,0.0,100.0
googlearchive/androidpay-quickstart,249.2,19.4,,6.32,772.28,,1502.24,1081.64,25.0,0.0,Android,0.0,100.0
googlearchive/androidtv-Leanback,365.0873786407767,93.14563106796116,,112.67961165048544,1061.7281553398059,,249.04901960784315,1982.2941176470588,103.0,0.0,Android,0.0,100.0
googlearchive/androidtv-VisualGameController,1563.0,1.0,,4.0,644.0,,104.0,2349.0,1.0,0.0,Android,0.0,100.0
googlearchive/angularfire-seed,44.15873015873016,50.656716417910445,,238.23880597014926,918.7611940298508,,191.67241379310346,1074.448275862069,63.0,4.0,Android,5.970149253731343,94.02985074626866
googlearchive/apigee-javascript-sdk,17.0,64.0,,25.0,919.3333333333334,,12.0,728.0,1.0,2.0,Android,66.66666666666666,33.33333333333333
googlearchive/app-drawer-template,51.333333333333336,17.3,,125.45,1456.6,,185.77777777777777,1661.111111111111,9.0,11.0,Android,55.00000000000001,45.0
googlearchive/app-layout-templates,61.666666666666664,6.25,,30.625,1086.625,,217.0,1176.6666666666667,3.0,5.0,Android,62.5,37.5
googlearchive/appengine-angular-guestbook-java,0.0,1.5,,38.0,794.5,,76.0,1453.0,1.0,1.0,Android,50.0,50.0
googlearchive/appengine-blobstore-python,5.0,4.5,,680.5,2073.0,,729.5,1791.0,2.0,0.0,Android,0.0,100.0
googlearchive/appengine-crowdguru-python,0.0,6.333333333333333,,689.6666666666666,963.0,,55.0,731.0,3.0,0.0,Android,0.0,100.0
googlearchive/appengine-endpoints-helloendpoints-android,40.25,3.0,,62.2,841.4,,77.25,974.5,4.0,1.0,Android,20.0,80.0
googlearchive/appengine-endpoints-helloendpoints-python,16.0,6.142857142857143,,196.14285714285714,1447.7142857142858,,51.0,822.0,1.0,6.0,Android,85.71428571428571,14.285714285714285
googlearchive/appengine-endpoints-helloworld-dotnet,,2.0,,65.0,174.0,,,,0.0,1.0,Android,100.0,0.0
googlearchive/appengine-flask-skeleton,226.76923076923077,15.153846153846153,,96.15384615384616,1283.2307692307693,,397.0,1828.1538461538462,13.0,0.0,Android,0.0,100.0
googlearchive/appengine-googleanalytics-python,30.0,1.0,,1355.0,2235.0,,51.0,882.0,1.0,0.0,Android,0.0,100.0
googlearchive/appengine-gwtguestbook-namespaces-java,,2.0,,85.0,1639.0,,,,0.0,1.0,Android,100.0,0.0
googlearchive/appengine-helloworld-python,,1.0,,20.0,1141.0,,,,0.0,1.0,Android,100.0,0.0
googlearchive/appengine-java-guestbook-multiphase,423.5,7.75,,69.0,1127.75,,130.5,2424.5,2.0,2.0,Android,50.0,50.0
googlearchive/appengine-java-vm-guestbook-extras,45.0,13.294117647058824,,25.294117647058822,1085.4117647058824,,81.83333333333333,1881.6666666666667,6.0,11.0,Android,64.70588235294117,35.294117647058826
googlearchive/appengine-memcache-guestbook-python,,2.0,,103.0,1503.0,,,,0.0,1.0,Android,100.0,0.0
googlearchive/appengine-modules-helloworld-python,52.0,5.5,,219.25,1223.625,,325.6,1400.0,5.0,3.0,Android,37.5,62.5
googlearchive/appengine-nodejs,16.88888888888889,31.928571428571427,,822.4285714285714,1288.5,,330.0,1011.0,9.0,5.0,Android,35.714285714285715,64.28571428571429
googlearchive/appengine-nodejs-quickstart,336.7142857142857,11.454545454545455,,33.54545454545455,1207.1818181818182,,47.57142857142857,1151.2857142857142,7.0,4.0,Android,36.36363636363637,63.63636363636363
googlearchive/appengine-paging-python,73.5,3.0,,680.0,1530.0,,755.0,1520.0,2.0,0.0,Android,0.0,100.0
googlearchive/appengine-php-wordpress-starter-project,170.375,43.28846153846154,,37.80769230769231,848.7884615384615,,67.40625,850.125,32.0,20.0,Android,38.46153846153847,61.53846153846154
googlearchive/appengine-python-vm-hello,73.0,7.0,,63.0,1279.0,,63.0,1353.0,1.0,0.0,Android,0.0,100.0
googlearchive/appengine-sockets-python-java-go,206.0,6.571428571428571,,26.857142857142858,1487.2857142857142,,73.66666666666667,1791.0,3.0,4.0,Android,57.14285714285714,42.857142857142854
googlearchive/appengine-sqlite-guestbook-python,11.0,4.0,,1355.0,2195.0,,51.0,822.0,1.0,0.0,Android,0.0,100.0
googlearchive/appengine-try-python-django,,2.0,,10.0,957.0,,,,0.0,1.0,Android,100.0,0.0
googlearchive/appengine-try-python-flask,,1.0,,49.0,902.0,,,,0.0,1.0,Android,100.0,0.0
googlearchive/appengine-vm-fortunespeak-python,43.0,26.0,,248.33333333333334,921.0,,684.0,1802.5,2.0,7.0,Android,77.77777777777779,22.22222222222222
googlearchive/apps-developer-tools,20.956521739130434,46.92857142857143,,388.9642857142857,993.6071428571429,,361.1304347826087,996.9565217391304,23.0,5.0,Android,17.857142857142858,82.14285714285714
googlearchive/apps-resource-loader,1.0,5.777777777777778,,1082.6666666666667,1233.2222222222222,,1687.5,754.5,2.0,7.0,Android,77.77777777777779,22.22222222222222
googlearchive/apps-script-dialog2sidebar,0.0,1.0,,1.0,205.0,,258.0,1707.0,1.0,0.0,Android,0.0,100.0
googlearchive/apps-script-form-notifications-addon,47.75,7.2727272727272725,,833.9090909090909,1495.090909090909,,877.75,1231.5,4.0,7.0,Android,63.63636363636363,36.36363636363637
googlearchive/apps-script-templates,,2.0,,3.0,2409.0,,,,0.0,1.0,Android,100.0,0.0
googlearchive/assistant-codelab,1.5,8.066666666666666,,28.6,1425.7333333333333,,249.5,1690.0,2.0,13.0,Android,86.66666666666667,13.333333333333334
googlearchive/async_await_transformer_deprecated,7.869565217391305,47.125,,2456.21875,1792.09375,,25.0,818.0,23.0,9.0,Android,28.125,71.875
googlearchive/autoclave,,1.0,,453.0,2204.0,,,,0.0,1.0,Android,100.0,0.0
googlearchive/backbonefire,159.8732394366197,76.40243902439025,,354.4878048780488,1244.2560975609756,,1098.394366197183,1059.619718309859,71.0,11.0,Android,13.414634146341465,86.58536585365853
googlearchive/benchmarks,0.0,1.0,,37671.0,2068.0,,37671.0,2068.0,1.0,0.0,Android,0.0,100.0
googlearchive/big-rig,2.0625,17.333333333333332,,3866.259259259259,1710.148148148148,,1713.875,1689.9375,16.0,11.0,Android,40.74074074074074,59.25925925925925
googlearchive/bigquery-samples-java,,2.0,,0.0,145.0,,,,0.0,1.0,Android,100.0,0.0
googlearchive/bigquery-samples-python,0.0,14.0,,176.0,2459.0,,51.0,586.0,1.0,0.0,Android,0.0,100.0
googlearchive/bigstraw,,1.5,,155.5,531.5,,,,0.0,2.0,Android,100.0,0.0
googlearchive/billing-export-python,0.0,7.0,,688.5,2123.0,,51.0,1225.0,1.0,1.0,Android,50.0,50.0
googlearchive/blaze_compiler,17.12727272727273,36.90625,,104.46875,1296.140625,,24.636363636363637,1005.9636363636364,55.0,9.0,Android,14.0625,85.9375
googlearchive/blog,10.75,26.714285714285715,,1540.857142857143,1052.857142857143,,10690.5,1686.0,4.0,3.0,Android,42.857142857142854,57.14285714285714
googlearchive/bower-metrics-dashboard,,1.5,,161.5,1217.5,,,,0.0,2.0,Android,100.0,0.0
googlearchive/bowerzipper,128.66666666666666,8.166666666666666,,3270.1666666666665,1284.8333333333333,,3314.0,1630.1666666666667,6.0,0.0,Android,0.0,100.0
googlearchive/building-custom-overlays,1.0,1.5,,17.5,1935.0,,88.0,1067.0,1.0,1.0,Android,50.0,50.0
googlearchive/built-with-polymer,1.3333333333333333,11.0,,678.1428571428571,1211.4285714285713,,60.0,1060.6666666666667,3.0,4.0,Android,57.14285714285714,42.857142857142854
googlearchive/caja,2.1857772877618524,1009.183936539415,,109.43232523549827,1436.4124938026773,,110.05512679162072,1443.9525909592062,1814.0,203.0,Android,10.064452156668318,89.93554784333168
googlearchive/calendar-connectors,0.0,36.014084507042256,,1455.2112676056338,126.22535211267606,,1394.611111111111,141.55555555555554,18.0,53.0,Android,74.64788732394366,25.352112676056336
googlearchive/camera-app,0.0,1.0,,0.0,548.0,,0.0,548.0,1.0,0.0,Android,0.0,100.0
googlearchive/chart-js,84.0,2.0,,2.0,1203.0,,2.0,1287.0,1.0,0.0,Android,0.0,100.0
googlearchive/chartjs-element,,6.0,,13.0,1566.5,,,,0.0,2.0,Android,100.0,0.0
googlearchive/chrome-gamepad-probe,924.0,1.0,,6.0,635.0,,6.0,1559.0,1.0,0.0,Android,0.0,100.0
googlearchive/chrome-nfc,439.875,19.107142857142858,,119.46428571428571,980.25,,594.375,1931.0,8.0,20.0,Android,71.42857142857143,28.57142857142857
googlearchive/chrome-platform-analytics,74.94871794871794,27.5625,,61.854166666666664,1005.4375,,101.48717948717949,1083.6666666666667,39.0,9.0,Android,18.75,81.25
googlearchive/chromebook-demo-app,3.920245398773006,83.5,,0.8313253012048193,29.69277108433735,,0.9386503067484663,30.226993865030675,163.0,3.0,Android,1.8072289156626504,98.19277108433735
googlearchive/chromedeveditor,35.76073187895848,2246.4675862068966,,210.2170114942529,724.5802298850575,,230.50706214689265,812.8820621468926,1421.0,754.0,Android,34.66666666666667,65.33333333333333
googlearchive/chromeos_saml_apps,,1.0,,0.0,589.0,,,,0.0,1.0,Android,100.0,0.0
googlearchive/chromium-webview-samples,42.5,8.928571428571429,,23.857142857142858,1124.7142857142858,,310.75,1475.5,4.0,10.0,Android,71.42857142857143,28.57142857142857
googlearchive/ci-runner,5.357142857142857,25.9,,147.53333333333333,2110.9333333333334,,137.0,2069.9285714285716,14.0,16.0,Android,53.333333333333336,46.666666666666664
googlearchive/cleankill,0.0,4.0,,199.0,3042.0,,199.0,3043.0,1.0,0.0,Android,0.0,100.0
googlearchive/cloud-debugger-gce-java-sample,111.0,4.5,,42.0,1054.0,,51.0,1287.0,1.0,1.0,Android,50.0,50.0
googlearchive/cloud-functions-emulator,29.79310344827586,142.73684210526315,,127.05263157894737,1792.2344497607655,,346.6810344827586,1888.1120689655172,116.0,93.0,Android,44.49760765550239,55.50239234449761
googlearchive/cloud-functions-go,15.125,27.076923076923077,,67.65384615384616,2307.3076923076924,,31.3125,2173.8125,16.0,10.0,Android,38.46153846153847,61.53846153846154
googlearchive/cloud-playground,0.0,12.0,,1155.608695652174,303.2173913043478,,1476.0,125.0,13.0,10.0,Android,43.47826086956522,56.52173913043478
googlearchive/cloud-pubsub-samples-java,191.5,41.77777777777778,,15.222222222222221,1961.111111111111,,109.5,1341.5,2.0,7.0,Android,77.77777777777779,22.22222222222222
googlearchive/cloudsql-import,789.0,10.0,,2.4285714285714284,1496.2857142857142,,12.0,854.0,7.0,0.0,Android,0.0,100.0
googlearchive/code-editor-app,3.25,16.25,,168.67857142857142,611.2857142857143,,188.375,748.875,8.0,20.0,Android,71.42857142857143,28.57142857142857
googlearchive/code-explainer,0.0,3.5,,147.5,1007.5,,4883.0,1651.0,1.0,1.0,Android,50.0,50.0
googlearchive/code-mirror,0.0,4.0,,183.0,601.3333333333334,,38.0,376.0,1.0,2.0,Android,66.66666666666666,33.33333333333333
googlearchive/code-prettify,106.22188449848025,273.82745098039214,,1084.5274509803921,536.7509803921569,,1004.6656534954408,902.7477203647417,329.0,181.0,Android,35.490196078431374,64.50980392156863
googlearchive/collab-vim,,4.5,,15.0,943.875,,,,0.0,8.0,Android,100.0,0.0
googlearchive/component-download-button,2.0,5.0,,2456.75,1626.5,,453.0,2087.0,1.0,3.0,Android,75.0,25.0
googlearchive/compute-appengine-demo-suite-python,,19.0,,4.0,663.0,,,,0.0,1.0,Android,100.0,0.0
googlearchive/compute-getting-started-python,74.66666666666667,8.428571428571429,,204.71428571428572,550.2857142857143,,1355.0,1899.6666666666667,6.0,1.0,Android,14.285714285714285,85.71428571428571
googlearchive/compute-hadoop-java-python,,4.0,,85.0,1774.0,,,,0.0,1.0,Android,100.0,0.0
googlearchive/container-agent,18.8,10.285714285714286,,163.71428571428572,1595.142857142857,,946.2,399.4,5.0,2.0,Android,28.57142857142857,71.42857142857143
googlearchive/context-free-parser,5.0,9.333333333333334,,60.666666666666664,1561.5,,77.0,2437.0,1.0,5.0,Android,83.33333333333334,16.666666666666664
googlearchive/core-a11y-keys,5.0,5.285714285714286,,1521.0,1392.7142857142858,,453.0,2090.75,4.0,3.0,Android,42.857142857142854,57.14285714285714
googlearchive/core-action-icons,1170.0,2.0,,8617.0,1452.0,,8617.0,2623.0,1.0,0.0,Android,0.0,100.0
googlearchive/core-ajax,74.26086956521739,47.17391304347826,,686.8695652173913,1212.0652173913043,,549.5652173913044,1510.2173913043478,23.0,23.0,Android,50.0,50.0
googlearchive/core-animated-pages,20.75,27.512820512820515,,447.46153846153845,1220.4871794871794,,2773.5625,1372.0625,16.0,23.0,Android,58.97435897435898,41.02564102564102
googlearchive/core-animation,28.444444444444443,15.5,,774.0,1479.888888888889,,204.77777777777777,1153.5555555555557,9.0,9.0,Android,50.0,50.0
googlearchive/core-asset,,4.0,,137.0,2253.0,,,,0.0,1.0,Android,100.0,0.0
googlearchive/core-collapse,17.375,9.866666666666667,,523.7333333333333,1284.6,,109.625,1758.75,8.0,7.0,Android,46.666666666666664,53.333333333333336
googlearchive/core-component-page,13.2,5.777777777777778,,1018.4444444444445,1139.7777777777778,,4436.2,1441.0,5.0,4.0,Android,44.44444444444444,55.55555555555556
googlearchive/core-component-page-dev,0.0,5.25,,709.0,1239.625,,4883.0,1604.0,1.0,7.0,Android,87.5,12.5
googlearchive/core-doc-viewer,128.8,22.848484848484848,,2668.909090909091,1366.2727272727273,,12624.266666666666,1777.9333333333334,15.0,18.0,Android,54.54545454545454,45.45454545454545
googlearchive/core-docs,64.0,2.5,,2446.0,1055.5,,201.0,1891.0,2.0,0.0,Android,0.0,100.0
googlearchive/core-drag-drop,486.75,7.5,,2000.4,1226.0,,5374.0,2270.0,4.0,6.0,Android,60.0,40.0
googlearchive/core-drawer-panel,53.36363636363637,31.0,,307.72972972972974,1007.1621621621622,,315.8181818181818,1547.590909090909,22.0,15.0,Android,40.54054054054054,59.45945945945946
googlearchive/core-dropdown,121.45454545454545,14.65,,487.4,1049.05,,992.5454545454545,1441.7272727272727,11.0,9.0,Android,45.0,55.00000000000001
googlearchive/core-dropdown-menu,168.07692307692307,8.846153846153847,,1041.923076923077,767.6923076923077,,866.3076923076923,1151.4615384615386,13.0,0.0,Android,0.0,100.0
googlearchive/core-elements,3.3636363636363638,12.615384615384615,,206.07692307692307,1421.1538461538462,,2096.7272727272725,1401.5454545454545,11.0,2.0,Android,15.384615384615385,84.61538461538461
googlearchive/core-field,41.5,3.4,,3700.4,1478.4,,2607.75,1851.5,4.0,1.0,Android,20.0,80.0
googlearchive/core-firebase,94.0,1.5,,4883.0,1481.0,,200.0,1919.0,2.0,0.0,Android,0.0,100.0
googlearchive/core-focusable,74.5,7.75,,715.125,867.75,,170.5,1313.0,2.0,6.0,Android,75.0,25.0
googlearchive/core-header-panel,3.0,17.05,,1173.05,1261.85,,525.1666666666666,1603.25,12.0,8.0,Android,40.0,60.0
googlearchive/core-home-page,1170.0,1.0,,8617.0,1452.0,,8617.0,2623.0,1.0,0.0,Android,0.0,100.0
googlearchive/core-icon,66.0,19.565217391304348,,1140.4782608695652,1385.4782608695652,,689.6,1690.0666666666666,15.0,8.0,Android,34.78260869565217,65.21739130434783
googlearchive/core-icon-button,161.25,8.222222222222221,,93.88888888888889,1042.0,,180.25,1366.75,4.0,5.0,Android,55.55555555555556,44.44444444444444
googlearchive/core-icons,26.142857142857142,12.058823529411764,,739.7058823529412,1392.4117647058824,,6266.0,1802.142857142857,7.0,10.0,Android,58.82352941176471,41.17647058823529
googlearchive/core-iconset,142.0,3.5,,4334.0,1782.5,,212.0,2291.0,1.0,1.0,Android,50.0,50.0
googlearchive/core-iconset-svg,142.0,4.714285714285714,,1977.857142857143,1294.5714285714287,,212.0,2291.0,1.0,6.0,Android,85.71428571428571,14.285714285714285
googlearchive/core-image,33.55555555555556,12.25,,1227.05,1188.85,,736.4444444444445,1608.5555555555557,9.0,11.0,Android,55.00000000000001,45.0
googlearchive/core-input,34.80555555555556,37.744680851063826,,607.9574468085107,1181.2340425531916,,487.22222222222223,1186.4166666666667,36.0,11.0,Android,23.404255319148938,76.59574468085107
googlearchive/core-item,23.0,8.666666666666666,,77.66666666666667,1481.3333333333333,,158.75,2123.75,4.0,5.0,Android,55.55555555555556,44.44444444444444
googlearchive/core-label,85.5,3.0,,2229.75,1402.75,,212.0,2367.0,2.0,2.0,Android,50.0,50.0
googlearchive/core-layout,208.57142857142858,4.857142857142857,,2749.0,1134.2857142857142,,1402.4285714285713,1991.142857142857,7.0,0.0,Android,0.0,100.0
googlearchive/core-layout-grid,0.0,2.0,,457.0,439.0,,202.0,1835.0,1.0,1.0,Android,50.0,50.0
googlearchive/core-layout-trbl,1170.0,2.0,,8617.0,1452.0,,8617.0,2623.0,1.0,0.0,Android,0.0,100.0
googlearchive/core-list,142.8,48.9054054054054,,319.7567567567568,1257.2432432432433,,331.9142857142857,1195.057142857143,35.0,39.0,Android,52.702702702702695,47.2972972972973
googlearchive/core-localstorage,81.2,6.125,,1141.375,1177.625,,102.6,1735.0,5.0,3.0,Android,37.5,62.5
googlearchive/core-media-query,69.0,3.0,,2877.0,563.6666666666666,,453.0,2129.0,1.0,2.0,Android,66.66666666666666,33.33333333333333
googlearchive/core-menu,10.0,12.333333333333334,,815.8666666666667,1304.1333333333334,,556.6666666666666,1603.0,6.0,9.0,Android,60.0,40.0
googlearchive/core-menu-button,17.545454545454547,10.0,,907.6153846153846,942.1538461538462,,866.4545454545455,1117.7272727272727,11.0,2.0,Android,15.384615384615385,84.61538461538461
googlearchive/core-meta,54.5,4.25,,3410.75,1771.5,,161.0,1859.0,2.0,2.0,Android,50.0,50.0
googlearchive/core-overlay,118.83333333333333,33.5,,792.8863636363636,1190.7727272727273,,568.1111111111111,1772.0555555555557,18.0,26.0,Android,59.09090909090909,40.909090909090914
googlearchive/core-pages,10.666666666666666,12.764705882352942,,771.6470588235294,1302.7058823529412,,120.33333333333333,1264.6666666666667,3.0,14.0,Android,82.35294117647058,17.647058823529413
googlearchive/core-popup-menu,7.333333333333333,4.0,,41.25,1016.25,,244.0,1022.0,3.0,1.0,Android,25.0,75.0
googlearchive/core-range,30.5,3.0,,2901.6666666666665,1132.6666666666667,,120.0,1830.5,2.0,1.0,Android,33.33333333333333,66.66666666666666
googlearchive/core-resizable,,1.0,,23.0,1275.0,,,,0.0,1.0,Android,100.0,0.0
googlearchive/core-scaffold,111.0,11.066666666666666,,1377.8666666666666,1072.8,,117.54545454545455,1594.4545454545455,11.0,4.0,Android,26.666666666666668,73.33333333333333
googlearchive/core-scroll-header-panel,83.15384615384616,25.275862068965516,,764.5862068965517,895.7586206896551,,675.5384615384615,1537.923076923077,13.0,16.0,Android,55.172413793103445,44.827586206896555
googlearchive/core-scroll-threshold,9.8,6.625,,1232.375,1125.125,,1123.0,1226.8,5.0,3.0,Android,37.5,62.5
googlearchive/core-selection,13.666666666666666,3.8,,3693.4,1364.0,,1735.0,1751.0,3.0,2.0,Android,40.0,60.0
googlearchive/core-selector,135.0,17.333333333333332,,1435.3333333333333,1363.9444444444443,,676.1111111111111,1825.7777777777778,9.0,9.0,Android,50.0,50.0
googlearchive/core-shared-lib,17.0,7.0,,2478.25,1238.75,,271.0,1725.5,2.0,2.0,Android,50.0,50.0
googlearchive/core-signals,1170.0,4.0,,4324.0,1565.0,,8617.0,2623.0,1.0,1.0,Android,50.0,50.0
googlearchive/core-splitter,32.0,10.384615384615385,,978.6153846153846,935.4615384615385,,244.42857142857142,1925.4285714285713,7.0,6.0,Android,46.15384615384615,53.84615384615385
googlearchive/core-style,110.5,10.153846153846153,,880.3076923076923,1226.1538461538462,,3766.0,1439.5,2.0,11.0,Android,84.61538461538461,15.384615384615385
googlearchive/core-tests,0.0,2.0,,73.0,1359.5,,4883.0,1545.0,1.0,1.0,Android,50.0,50.0
googlearchive/core-theme-aware,586.0,2.0,,6750.0,1473.5,,6750.0,2060.5,2.0,0.0,Android,0.0,100.0
googlearchive/core-toolbar,27.545454545454547,13.714285714285714,,1419.0714285714287,1424.0,,799.5454545454545,1837.5454545454545,11.0,3.0,Android,21.428571428571427,78.57142857142857
googlearchive/core-tooltip,33.94444444444444,17.379310344827587,,2453.103448275862,1284.655172413793,,4162.0,1677.388888888889,18.0,11.0,Android,37.93103448275862,62.06896551724138
googlearchive/core-transition,142.85714285714286,5.555555555555555,,2603.5555555555557,1376.888888888889,,183.57142857142858,1167.0,7.0,2.0,Android,22.22222222222222,77.77777777777779
googlearchive/crc32c-java,,2.0,,96.5,2060.0,,,,0.0,2.0,Android,100.0,0.0
googlearchive/custom-tabs-provider,,1.0,,0.0,53.0,,,,0.0,1.0,Android,100.0,0.0
googlearchive/d3-elements,,1.0,,19.0,1427.0,,,,0.0,1.0,Android,100.0,0.0
googlearchive/datastore-codelab-nodejs,,1.0,,352.0,1877.0,,,,0.0,1.0,Android,100.0,0.0
googlearchive/datastore-samples,,9.0,,51.0,463.0,,,,0.0,1.0,Android,100.0,0.0
googlearchive/dev-video-search,,2.0,,421.0,1303.3333333333333,,,,0.0,3.0,Android,100.0,0.0
googlearchive/devtools-codeschool-ext,17.2,12.0,,7899.434782608696,1466.304347826087,,4632.15,1516.65,20.0,3.0,Android,13.043478260869565,86.95652173913044
googlearchive/devtools-device-data,276.42857142857144,14.066666666666666,,10020.666666666666,1537.5333333333333,,23479.214285714286,2369.214285714286,14.0,1.0,Android,6.666666666666667,93.33333333333333
googlearchive/devtools-docs-migration,,1.5,,670.5,1364.5,,,,0.0,2.0,Android,100.0,0.0
googlearchive/devtools-extension-boilerplate,216.0,2.5,,19066.0,1696.75,,37671.0,1802.0,1.0,3.0,Android,75.0,25.0
googlearchive/di-demo,,2.0,,25.0,2692.0,,,,0.0,1.0,Android,100.0,0.0
googlearchive/dialogflow-trivia-game-nodejs,0.0,7.0,,23.285714285714285,1379.5714285714287,,40.0,2252.0,3.0,4.0,Android,57.14285714285714,42.857142857142854
googlearchive/digitalgoods-sample-php,0.0,1.5,,9.5,660.5,,5.0,136.0,1.0,1.0,Android,50.0,50.0
googlearchive/digits-migration-helper-android,4.0,3.0,,0.0,677.6666666666666,,42.0,2763.0,2.0,1.0,Android,33.33333333333333,66.66666666666666
googlearchive/digits-migration-helper-ios,18.0,4.0,,11.25,2039.75,,180.75,2120.0,4.0,0.0,Android,0.0,100.0
googlearchive/docker-cloud,4.0,11.5,,3974.875,1920.375,,6854.0,1864.3333333333333,3.0,5.0,Android,62.5,37.5
googlearchive/drive-android-quickeditor,0.0,2.0,,3368.3333333333335,916.3333333333334,,10105.0,1668.0,1.0,2.0,Android,66.66666666666666,33.33333333333333
googlearchive/drive-android-quickstart,205.77777777777777,9.5,,28.9375,861.5625,,2368.4444444444443,1166.7777777777778,9.0,7.0,Android,43.75,56.25
googlearchive/drive-android-trash,361.0,1.5,,58.0,617.5,,149.5,1798.0,2.0,0.0,Android,0.0,100.0
googlearchive/drive-appdatapreferences-android,11.666666666666666,6.142857142857143,,17.142857142857142,674.1428571428571,,6742.333333333333,1439.0,3.0,4.0,Android,57.14285714285714,42.857142857142854
googlearchive/drive-appdatapreferences-android-quickstart,0.0,2.0,,0.0,339.6666666666667,,0.0,390.0,1.0,2.0,Android,66.66666666666666,33.33333333333333
googlearchive/drive-appdatapreferences-localstorage,,1.5,,10105.0,1469.5,,,,0.0,2.0,Android,100.0,0.0
googlearchive/drive-crossclientoauth2-android,33.0,1.0,,1.0,0.0,,10105.0,1586.0,1.0,0.0,Android,0.0,100.0
googlearchive/drive-dredit,136.4,14.615384615384615,,352.0769230769231,836.3846153846154,,4145.4,1102.0,5.0,8.0,Android,61.53846153846154,38.46153846153847
googlearchive/drive-dredit-frontend,,3.0,,1.0,70.0,,,,0.0,1.0,Android,100.0,0.0
googlearchive/drive-ios-quickeditor,163.88888888888889,8.090909090909092,,33.27272727272727,1259.5454545454545,,164.44444444444446,2208.1111111111113,9.0,2.0,Android,18.181818181818183,81.81818181818183
googlearchive/drive-pushnotifications-playground,,2.5,,14.75,1334.75,,,,0.0,4.0,Android,100.0,0.0
googlearchive/drive-realtime-utils,42.666666666666664,4.2,,37.2,1798.6,,71.0,1536.0,3.0,2.0,Android,40.0,60.0
googlearchive/drivemarks,201.0,2.0,,16.0,1331.0,,137.0,1863.0,2.0,1.0,Android,33.33333333333333,66.66666666666666
googlearchive/easygoogle,353.0,16.071428571428573,,1296.857142857143,604.4285714285714,,1427.0714285714287,986.9285714285714,14.0,0.0,Android,0.0,100.0
googlearchive/element-zones,1.0,3.3333333333333335,,563.0,1738.6666666666667,,563.0,1746.0,1.0,2.0,Android,66.66666666666666,33.33333333333333
googlearchive/erlnmyr,24.24137931034483,90.80327868852459,,127.32786885245902,1871.1803278688524,,102.03448275862068,1780.0344827586207,29.0,32.0,Android,52.459016393442624,47.540983606557376
googlearchive/experience-sampling,20.34375,146.97692307692307,,205.15384615384616,666.276923076923,,325.7890625,633.3671875,128.0,2.0,Android,1.5384615384615385,98.46153846153847
googlearchive/extern-generator,,2.0,,4.0,964.0,,,,0.0,1.0,Android,100.0,0.0
googlearchive/firebase-angular-starter-pack,244.2,12.3,,461.3,1174.6,,547.4,1545.2,5.0,5.0,Android,50.0,50.0
googlearchive/firebase-chrome-extension,29.0,3.8,,8.2,1055.6,,69.5,1513.5,4.0,1.0,Android,20.0,80.0
googlearchive/firebase-element,54.125,30.74074074074074,,1767.2962962962963,1309.851851851852,,14248.25,1688.625,8.0,19.0,Android,70.37037037037037,29.629629629629626
googlearchive/firebase-import,1170.0,1.0,,8617.0,1452.0,,8617.0,2623.0,1.0,0.0,Android,0.0,100.0
googlearchive/firebase-intro-presentation,49.0,4.5,,1181.75,1652.5,,2201.0,735.0,1.0,3.0,Android,75.0,25.0
googlearchive/firebase-jobdispatcher-android,457.56709956709955,156.72727272727272,,133.42857142857142,1262.1298701298701,,963.7835497835498,1730.965367965368,231.0,0.0,Android,0.0,100.0
googlearchive/firebase-jobdispatcher-ios,0.0,2.5,,2225.0,2114.5,,87.0,1347.0,1.0,1.0,Android,50.0,50.0
googlearchive/firebase-token-generator-dotNet,48.0,4.6,,191.8,1299.2,,592.0,1574.0,3.0,2.0,Android,40.0,60.0
googlearchive/firebase-token-generator-java,13.714285714285714,7.428571428571429,,74.0,1077.0,,114.14285714285714,1589.857142857143,7.0,0.0,Android,0.0,100.0
googlearchive/firebase-token-generator-node,59.785714285714285,13.75,,91.125,1062.75,,258.3076923076923,1437.3846153846155,14.0,2.0,Android,12.5,87.5
googlearchive/firebase-token-generator-php,117.63636363636364,21.46153846153846,,40.69230769230769,1432.0,,201.72727272727272,1933.4545454545455,11.0,2.0,Android,15.384615384615385,84.61538461538461
googlearchive/firebase-token-generator-python,7.0,11.5,,31.5,1296.5,,115.0,2024.0,1.0,1.0,Android,50.0,50.0
googlearchive/firebase-token-generator-ruby,0.5,4.2,,45.4,1383.2,,98.0,1482.5,4.0,1.0,Android,20.0,80.0
googlearchive/firebase-util,61.87719298245614,50.31645569620253,,94.9367088607595,1035.012658227848,,197.35087719298247,1299.298245614035,57.0,22.0,Android,27.848101265822784,72.15189873417721
googlearchive/firebase-work-queue,293.0,3.5,,42.5,439.5,,123.5,1793.0,2.0,0.0,Android,0.0,100.0
googlearchive/flashlight,74.4065934065934,100.73228346456693,,57.74015748031496,1072.6535433070867,,152.25274725274724,1491.7362637362637,91.0,36.0,Android,28.346456692913385,71.65354330708661
googlearchive/flatiron-director,,5.0,,5398.571428571428,969.8571428571429,,,,0.0,7.0,Android,100.0,0.0
googlearchive/flipjs,0.0,9.461538461538462,,755.8461538461538,1933.076923076923,,126.5,1291.0,2.0,11.0,Android,84.61538461538461,15.384615384615385
googlearchive/font-roboto,6.0,4.857142857142857,,154.0,982.0,,155.33333333333334,1032.6666666666667,3.0,4.0,Android,57.14285714285714,42.857142857142854
googlearchive/frame-timing-polyfill,2.3,10.526315789473685,,1851.3684210526317,1671.2631578947369,,2429.6,738.0,10.0,9.0,Android,47.368421052631575,52.63157894736842
googlearchive/freebase-site,,19.0,,1475.0,187.0,,,,0.0,37.0,Android,100.0,0.0
googlearchive/freebase-suggest,0.0,10.0,,1475.0,187.0,,1475.0,187.0,6.0,13.0,Android,68.42105263157895,31.57894736842105
googlearchive/friendlyping,1.3333333333333333,11.666666666666666,,31.88888888888889,797.2222222222222,,127.66666666666667,1528.3333333333333,3.0,6.0,Android,66.66666666666666,33.33333333333333
googlearchive/friendlypix,214.32876712328766,50.36986301369863,,167.91780821917808,1238.4794520547946,,304.90277777777777,1743.125,73.0,0.0,Android,0.0,100.0
googlearchive/friendlypix-android,54.75,19.11111111111111,,197.88888888888889,1607.5277777777778,,211.42857142857142,1782.857142857143,28.0,8.0,Android,22.22222222222222,77.77777777777779
googlearchive/friendlypix-web,165.07407407407408,43.14545454545455,,80.43636363636364,1271.1090909090908,,819.2037037037037,1882.9814814814815,54.0,1.0,Android,1.8181818181818181,98.18181818181819
googlearchive/fusion-tables-data,,1.0,,4883.0,1620.0,,,,0.0,1.0,Android,100.0,0.0
googlearchive/gallery,,1.0,,7.0,506.0,,,,0.0,1.0,Android,100.0,0.0
googlearchive/gcm-playground,1.2727272727272727,19.952380952380953,,44.333333333333336,1111.142857142857,,420.27272727272725,1686.4545454545455,11.0,10.0,Android,47.61904761904761,52.38095238095239
googlearchive/gcsbeat,209.84615384615384,11.923076923076923,,28.153846153846153,2223.3846153846152,,36.07692307692308,2687.846153846154,13.0,0.0,Android,0.0,100.0
googlearchive/generator-angularfire,30.958333333333332,40.327586206896555,,83.15517241379311,898.8275862068965,,193.4375,1173.3958333333333,48.0,10.0,Android,17.24137931034483,82.75862068965517
googlearchive/generator-polymer-init,173.5,9.5,,456.5,2006.0,,456.5,2179.5,2.0,0.0,Android,0.0,100.0
googlearchive/geojson-data,,1.0,,643.0,1541.0,,,,0.0,1.0,Android,100.0,0.0
googlearchive/ggrc-test,325.0,58.0,,496.0,2189.0,,29.0,1717.0,1.0,0.0,Android,0.0,100.0
googlearchive/git-rv,23.6875,27.56,,152.64,906.34,,161.4375,894.5,16.0,34.0,Android,68.0,32.0
googlearchive/github-elements,,1.5,,1369.0,1035.5,,,,0.0,2.0,Android,100.0,0.0
googlearchive/go-gcm,28.857142857142858,25.61904761904762,,213.23809523809524,1603.8095238095239,,123.71428571428571,1850.857142857143,7.0,14.0,Android,66.66666666666666,33.33333333333333
googlearchive/google-api-dotnet-client-samples,352.2857142857143,17.428571428571427,,15.357142857142858,518.5714285714286,,4008.0714285714284,3167.3571428571427,14.0,0.0,Android,0.0,100.0
googlearchive/google-map-storyboard,10.0,37.88,,214.48,943.92,,53.73684210526316,375.2631578947368,19.0,6.0,Android,24.0,76.0
googlearchive/google-server-auth-android,20.0,2.0,,8.0,630.0,,1788.0,464.0,1.0,0.0,Android,0.0,100.0
googlearchive/googlecrisismap,1148.076923076923,13.5,,1361.576923076923,272.8076923076923,,630.3846153846154,2019.1153846153845,26.0,0.0,Android,0.0,100.0
googlearchive/googlemaps.github.io,1146.0,23.5,,43.5,2104.5,,91.0,2288.0,1.0,1.0,Android,50.0,50.0
googlearchive/gplus-domains-quickstart-java,,3.5,,7.0,1473.5,,,,0.0,2.0,Android,100.0,0.0
googlearchive/gplus-domains-quickstart-python,44.0,5.0,,3.0,475.0,,1787.0,719.0,1.0,1.0,Android,50.0,50.0
googlearchive/gplus-haiku-client-android,3.5,4.0,,84.0,839.0,,1787.0,53.0,2.0,0.0,Android,0.0,100.0
googlearchive/gplus-quickstart-android,300.45454545454544,11.636363636363637,,30.90909090909091,616.0,,1636.3636363636363,496.8181818181818,11.0,0.0,Android,0.0,100.0
googlearchive/gplus-quickstart-csharp,264.85714285714283,12.5,,14.583333333333334,617.0833333333334,,106.57142857142857,818.1428571428571,7.0,5.0,Android,41.66666666666667,58.333333333333336
googlearchive/gplus-quickstart-go,76.0,9.333333333333334,,57.888888888888886,832.3333333333334,,118.0,765.5,8.0,1.0,Android,11.11111111111111,88.88888888888889
googlearchive/gplus-quickstart-java,95.33333333333333,10.5,,54.333333333333336,929.5,,117.33333333333333,713.3333333333334,3.0,3.0,Android,50.0,50.0
googlearchive/gplus-quickstart-javascript,157.0,13.444444444444445,,183.66666666666666,1009.1111111111111,,371.25,1192.0,4.0,5.0,Android,55.55555555555556,44.44444444444444
googlearchive/gplus-quickstart-php,311.3333333333333,13.88888888888889,,630.4444444444445,1115.4444444444443,,101.77777777777777,1293.6666666666667,9.0,0.0,Android,0.0,100.0
googlearchive/gplus-quickstart-python,105.66666666666667,8.6,,71.4,1713.2,,106.33333333333333,827.3333333333334,3.0,2.0,Android,40.0,60.0
googlearchive/gplus-quickstart-ruby,185.33333333333334,11.0,,292.0,1082.6666666666667,,695.0,677.6666666666666,3.0,0.0,Android,0.0,100.0
googlearchive/graphd,11.6,12.923076923076923,,30.846153846153847,2802.6153846153848,,34.8,3347.7,10.0,3.0,Android,23.076923076923077,76.92307692307693
googlearchive/grunt-audit,0.0,2.5,,137.0,2125.0,,137.0,2126.0,1.0,1.0,Android,50.0,50.0
googlearchive/grunt-vulcanize,39.0,16.761904761904763,,328.6666666666667,1072.4761904761904,,678.6666666666666,1712.8333333333333,12.0,9.0,Android,42.857142857142854,57.14285714285714
googlearchive/gsa-admin-toolkit,0.0,12.782608695652174,,12.956521739130435,1143.9565217391305,,11.6,1056.6,5.0,18.0,Android,78.26086956521739,21.73913043478261
googlearchive/guitar-tuner,17.0,13.384615384615385,,592.0,1737.1538461538462,,1310.0,1422.6666666666667,6.0,7.0,Android,53.84615384615385,46.15384615384615
googlearchive/gulp-audit,,2.0,,141.0,2159.5,,,,0.0,2.0,Android,100.0,0.0
googlearchive/gvr-audio-fmod-sdk,5.0,1.0,,10.0,1812.0,,954.0,1945.0,1.0,0.0,Android,0.0,100.0
googlearchive/gvr-audio-wwise-sdk,16.0,4.0,,0.8571428571428571,670.4285714285714,,411.85714285714283,1205.7142857142858,7.0,0.0,Android,0.0,100.0
googlearchive/gwt-google-apis,0.0,269.5055762081784,,1472.2583643122678,305.7806691449814,,1475.0,306.0,448.0,90.0,Android,16.728624535315987,83.27137546468401
googlearchive/hellomap-android,159.5,6.0,,16.5,349.25,,32.0,556.0,2.0,2.0,Android,50.0,50.0
googlearchive/hellomap-ios,0.0,2.0,,0.0,15.0,,488.0,2891.0,1.0,0.0,Android,0.0,100.0
googlearchive/highlightjs-element,,5.0,,7.0,1345.0,,,,0.0,1.0,Android,100.0,0.0
googlearchive/i18next-element,,2.5,,24.25,603.0,,,,0.0,4.0,Android,100.0,0.0
googlearchive/icon-transition,767.0,4.2,,407.0,990.8,,49.0,2014.0,1.0,4.0,Android,80.0,20.0
googlearchive/identity-toolkit-android,1145.0625,14.4375,,6.375,1109.0625,,78.6875,2152.875,16.0,0.0,Android,0.0,100.0
googlearchive/instantbuy-quickstart-ruby,3.0,1.0,,144.0,714.0,,90.0,1699.0,1.0,0.0,Android,0.0,100.0
googlearchive/instantbuy-sample-php,,1.0,,31.0,1617.0,,,,0.0,1.0,Android,100.0,0.0
googlearchive/interactive-fiction-nodejs,0.0,3.0,,15.5,1780.0,,124.0,2419.0,1.0,1.0,Android,50.0,50.0
googlearchive/iron-signals,20.5,14.625,,565.625,1686.25,,95.0,2127.0,4.0,4.0,Android,50.0,50.0
googlearchive/js-info-bubble,9.0,22.076923076923077,,9.884615384615385,1142.9615384615386,,501.0,1619.5,2.0,24.0,Android,92.3076923076923,7.6923076923076925
googlearchive/js-map-label,0.0,7.1,,63.9,812.9,,456.5,2142.0,2.0,8.0,Android,80.0,20.0
googlearchive/js-marker-clusterer,66.23529411764706,80.25842696629213,,24.292134831460675,1080.7303370786517,,105.76470588235294,1406.235294117647,17.0,72.0,Android,80.89887640449437,19.101123595505616
googlearchive/js-rich-marker,11.0,11.909090909090908,,406.09090909090907,1011.6363636363636,,0.5,234.5,2.0,9.0,Android,81.81818181818183,18.181818181818183
googlearchive/js-v2-samples,0.0,20.5,,1475.0,268.0,,623.6666666666666,1554.0,3.0,37.0,Android,92.5,7.5
googlearchive/k8s-service-catalog,37.2,127.5049504950495,,67.63366336633663,1420.0,,25.0,1185.35,60.0,41.0,Android,40.5940594059406,59.4059405940594
googlearchive/labs,16.0,13.0,,325.7142857142857,718.1428571428571,,443.8333333333333,1264.6666666666667,6.0,1.0,Android,14.285714285714285,85.71428571428571
googlearchive/layout,194.5,12.833333333333334,,63.666666666666664,1055.8333333333333,,3196.5,2095.0,2.0,4.0,Android,66.66666666666666,33.33333333333333
googlearchive/leanback-assistant,86.0,1.0,,5.0,2317.0,,104.0,2356.0,1.0,0.0,Android,0.0,100.0
googlearchive/leanback-showcase,333.1090909090909,49.654545454545456,,26.618181818181817,972.8727272727273,,70.47272727272727,1810.8,55.0,0.0,Android,0.0,100.0
googlearchive/marked-element,94.0,6.166666666666667,,865.0,1482.3333333333333,,2465.25,1964.0,4.0,2.0,Android,33.33333333333333,66.66666666666666
googlearchive/marked-js,4.0,3.0,,240.0,2163.0,,240.0,2167.0,1.0,0.0,Android,0.0,100.0
googlearchive/more-elements,55.0,11.0,,256.6666666666667,1466.3333333333333,,181.5,1581.5,2.0,1.0,Android,33.33333333333333,66.66666666666666
googlearchive/more-routing,193.125,38.63461538461539,,169.75,1224.2884615384614,,71.875,1630.375,16.0,36.0,Android,69.23076923076923,30.76923076923077
googlearchive/net-chromeify,,3.5,,138.5,1494.0,,,,0.0,2.0,Android,100.0,0.0
googlearchive/news-reader-app,,1.0,,47.0,1088.0,,,,0.0,1.0,Android,100.0,0.0
googlearchive/node-big-rig,0.0,7.833333333333333,,633.8333333333334,1610.1666666666667,,2528.0,1748.0,6.0,6.0,Android,50.0,50.0
googlearchive/notational_velocity.dart,5.685714285714286,27.666666666666668,,972.9444444444445,1820.611111111111,,1014.0,1890.5714285714287,35.0,19.0,Android,35.18518518518518,64.81481481481481
googlearchive/note-app,25.0,5.5,,27.5,1418.0,,0.0,826.0,1.0,7.0,Android,87.5,12.5
googlearchive/note-app-elements,22.333333333333332,13.0,,39.142857142857146,1051.2857142857142,,140.0,1266.8333333333333,6.0,1.0,Android,14.285714285714285,85.71428571428571
googlearchive/npm-publish-scripts,8.76923076923077,30.0,,665.6774193548387,1782.516129032258,,1006.0,2557.923076923077,13.0,18.0,Android,58.06451612903226,41.935483870967744
googlearchive/numberhtml5-app,1.0,2.0,,1215.3333333333333,1770.6666666666667,,3438.0,1361.0,1.0,2.0,Android,66.66666666666666,33.33333333333333
googlearchive/nxt-standalone,112.46153846153847,78.66666666666667,,90.07692307692308,2308.051282051282,,77.3076923076923,2521.3076923076924,26.0,13.0,Android,33.33333333333333,66.66666666666666
googlearchive/observe-js,29.25423728813559,63.144444444444446,,184.85555555555555,1210.1444444444444,,226.94915254237287,1161.9830508474577,59.0,31.0,Android,34.44444444444444,65.55555555555556
googlearchive/offthread-image,,2.75,,1413.0,1559.25,,,,0.0,4.0,Android,100.0,0.0
googlearchive/otp-generator,63.888888888888886,11.25,,545.875,2018.3125,,549.1111111111111,2052.8888888888887,9.0,7.0,Android,43.75,56.25
googlearchive/paper-button,32.19230769230769,30.615384615384617,,1657.1025641025642,1161.2820512820513,,501.5769230769231,1138.076923076923,26.0,13.0,Android,33.33333333333333,66.66666666666666
googlearchive/paper-calculator,20.6,4.857142857142857,,6638.142857142857,909.4285714285714,,1431.2,1836.0,5.0,2.0,Android,28.57142857142857,71.42857142857143
googlearchive/paper-card,0.0,3.0,,15.0,1130.0,,6181.0,1311.0,1.0,0.0,Android,0.0,100.0
googlearchive/paper-checkbox,32.333333333333336,13.473684210526315,,703.7894736842105,1077.1052631578948,,711.0833333333334,1864.5833333333333,12.0,7.0,Android,36.84210526315789,63.1578947368421
googlearchive/paper-dialog,35.96153846153846,38.14035087719298,,619.9473684210526,1143.157894736842,,2348.0,1202.5,26.0,31.0,Android,54.385964912280706,45.614035087719294
googlearchive/paper-dropdown,49.25,8.384615384615385,,535.6923076923077,1199.6153846153845,,1401.5,1389.25,4.0,9.0,Android,69.23076923076923,30.76923076923077
googlearchive/paper-dropdown-menu,49.333333333333336,42.563380281690144,,371.22535211267603,902.3943661971831,,907.3,1159.9333333333334,30.0,41.0,Android,57.74647887323944,42.25352112676056
googlearchive/paper-elements,2.7142857142857144,18.392857142857142,,632.6428571428571,1159.0357142857142,,1337.4166666666667,1413.3333333333333,14.0,14.0,Android,50.0,50.0
googlearchive/paper-fab,9.6,13.647058823529411,,1885.5294117647059,1267.1176470588234,,265.9,1196.4,10.0,7.0,Android,41.17647058823529,58.82352941176471
googlearchive/paper-focusable,7.0,5.666666666666667,,4553.666666666667,1652.0,,244.0,1046.0,3.0,0.0,Android,0.0,100.0
googlearchive/paper-form,,3.0,,63.5,1165.5,,,,0.0,2.0,Android,100.0,0.0
googlearchive/paper-icon-button,38.285714285714285,15.0,,1044.3684210526317,1030.157894736842,,199.35714285714286,1099.4285714285713,14.0,5.0,Android,26.31578947368421,73.68421052631578
googlearchive/paper-input,34.43103448275862,104.66272189349112,,850.2130177514792,1150.1301775147929,,531.5391304347826,1136.7739130434782,116.0,53.0,Android,31.360946745562128,68.63905325443787
googlearchive/paper-item,97.84615384615384,15.157894736842104,,499.2631578947368,965.3157894736842,,210.0,1154.1538461538462,13.0,6.0,Android,31.57894736842105,68.42105263157895
googlearchive/paper-menu,77.20833333333333,62.52857142857143,,704.1285714285714,1356.4857142857143,,1801.2291666666667,1580.25,48.0,22.0,Android,31.428571428571427,68.57142857142857
googlearchive/paper-menu-button,20.94871794871795,30.651162790697676,,1810.2325581395348,868.5581395348837,,298.15384615384613,1098.4102564102564,39.0,4.0,Android,9.30232558139535,90.69767441860465
googlearchive/paper-progress,12.714285714285714,11.23076923076923,,3612.153846153846,1078.5384615384614,,136.42857142857142,1527.5714285714287,7.0,6.0,Android,46.15384615384615,53.84615384615385
googlearchive/paper-radio-button,24.285714285714285,8.333333333333334,,1622.5,1383.25,,1117.2857142857142,1929.5714285714287,7.0,5.0,Android,41.66666666666667,58.333333333333336
googlearchive/paper-radio-group,39.833333333333336,10.076923076923077,,919.4615384615385,894.6153846153846,,874.3333333333334,1112.6666666666667,6.0,7.0,Android,53.84615384615385,46.15384615384615
googlearchive/paper-ripple,31.11764705882353,22.933333333333334,,906.1,1170.4333333333334,,499.7647058823529,1410.235294117647,17.0,13.0,Android,43.333333333333336,56.666666666666664
googlearchive/paper-shadow,43.0,15.238095238095237,,1679.1904761904761,963.2857142857143,,558.2222222222222,1062.5555555555557,18.0,3.0,Android,14.285714285714285,85.71428571428571
googlearchive/paper-slider,9.64,28.217391304347824,,850.0217391304348,1132.8695652173913,,325.2,1622.48,25.0,21.0,Android,45.65217391304348,54.347826086956516
googlearchive/paper-spinner,11.11111111111111,8.8,,790.5,1034.5,,288.3333333333333,1261.888888888889,9.0,1.0,Android,10.0,90.0
googlearchive/paper-tabs,40.567567567567565,36.31481481481482,,969.2037037037037,1057.7592592592594,,511.8611111111111,1460.2222222222222,37.0,17.0,Android,31.48148148148148,68.51851851851852
googlearchive/paper-text-field,29.0,3.0,,6182.0,1477.0,,6182.0,1507.0,1.0,0.0,Android,0.0,100.0
googlearchive/paper-toast,11.461538461538462,14.409090909090908,,1608.1363636363637,1211.4545454545455,,176.92307692307693,1727.8461538461538,13.0,9.0,Android,40.909090909090914,59.09090909090909
googlearchive/paper-toggle-button,116.88888888888889,8.857142857142858,,1357.2857142857142,1318.2857142857142,,150.77777777777777,1709.2222222222222,9.0,5.0,Android,35.714285714285715,64.28571428571429
googlearchive/pending-elements,,1.5,,50.0,1827.5,,,,0.0,2.0,Android,100.0,0.0
googlearchive/pica,4.0,1.0,,14.0,90.0,,453.0,2027.0,1.0,0.0,Android,0.0,100.0
googlearchive/pixi-js,0.0,1.0,,0.0,1001.0,,161.0,1609.0,1.0,0.0,Android,0.0,100.0
googlearchive/platinum-bluetooth,60.55555555555556,18.076923076923077,,3146.230769230769,1164.1538461538462,,4954.777777777777,1937.3333333333333,9.0,4.0,Android,30.76923076923077,69.23076923076923
googlearchive/platinum-https-redirect,6.0,10.8,,241.8,1729.6,,19287.0,1728.5,2.0,3.0,Android,60.0,40.0
googlearchive/platinum-push-messaging,14.736842105263158,40.15625,,5096.78125,1509.9375,,2817.6315789473683,1662.5263157894738,19.0,13.0,Android,40.625,59.375
googlearchive/poly-toolkit-unity,40.625,16.806451612903224,,43.516129032258064,1651.7096774193549,,132.5,1735.9375,16.0,15.0,Android,48.38709677419355,51.61290322580645
googlearchive/poly-toolkit-unreal,0.0,2.5,,4.75,1373.25,,149.0,1663.0,1.0,3.0,Android,75.0,25.0
googlearchive/polybuild,93.45454545454545,15.75,,807.9166666666666,1902.375,,1054.7272727272727,2001.1818181818182,11.0,13.0,Android,54.166666666666664,45.83333333333333
googlearchive/polyclean,23.0,13.714285714285714,,3880.6428571428573,1553.857142857143,,274.0,1870.8,5.0,9.0,Android,64.28571428571429,35.714285714285715
googlearchive/polylint,47.607142857142854,79.7196261682243,,1167.9252336448599,1640.766355140187,,287.85714285714283,1706.5,28.0,79.0,Android,73.83177570093457,26.168224299065418
googlearchive/polymer-anchor-point,,1.0,,2649.0,858.0,,,,0.0,1.0,Android,100.0,0.0
googlearchive/polymer-animation,0.0,3.0,,2379.0,1513.3333333333333,,244.0,867.0,1.0,2.0,Android,66.66666666666666,33.33333333333333
googlearchive/polymer-atom,385.3333333333333,7.875,,61.0,1193.75,,78.0,2500.3333333333335,3.0,5.0,Android,62.5,37.5
googlearchive/polymer-cookie,436.5,4.4,,717.0,912.4,,457.0,1759.0,2.0,3.0,Android,60.0,40.0
googlearchive/polymer-devtools-extension,14.466666666666667,24.82051282051282,,4031.3076923076924,864.3589743589744,,2564.733333333333,801.3333333333334,15.0,24.0,Android,61.53846153846154,38.46153846153847
googlearchive/polymer-docs,,1.0,,147.0,1260.0,,,,0.0,1.0,Android,100.0,0.0
googlearchive/polymer-element-catalog,20.34722222222222,134.89423076923077,,1314.6009615384614,1757.6923076923076,,1468.4195804195804,2150.0699300699303,144.0,64.0,Android,30.76923076923077,69.23076923076923
googlearchive/polymer-elements,9.692307692307692,25.952380952380953,,753.4285714285714,991.2380952380952,,927.3846153846154,1286.3076923076924,13.0,8.0,Android,38.095238095238095,61.904761904761905
googlearchive/polymer-experiments,1.0,4.333333333333333,,14189.666666666666,2383.3333333333335,,183.0,1419.0,1.0,2.0,Android,66.66666666666666,33.33333333333333
googlearchive/polymer-expressions,30.17241379310345,31.652173913043477,,281.17391304347825,1224.0217391304348,,230.17241379310346,1188.1724137931035,29.0,17.0,Android,36.95652173913043,63.04347826086957
googlearchive/polymer-externs,0.0,43.8,,79.4,1167.4,,124.66666666666667,1699.3333333333333,3.0,2.0,Android,40.0,60.0
googlearchive/polymer-gestures,11.605263157894736,51.49230769230769,,347.5692307692308,1475.1384615384616,,401.89473684210526,1960.7631578947369,38.0,27.0,Android,41.53846153846154,58.46153846153847
googlearchive/polymer-list,0.0,1.0,,20.0,1084.0,,20.0,1084.0,1.0,0.0,Android,0.0,100.0
googlearchive/polymer-patterns,137.5,34.8421052631579,,281.36842105263156,1415.4736842105262,,8731.2,1796.8,6.0,13.0,Android,68.42105263157895,31.57894736842105
googlearchive/polymer-sublime-plugin,,3.0,,200.0,3161.0,,,,0.0,1.0,Android,100.0,0.0
googlearchive/polymer-test-tools,24.0,2.6666666666666665,,391.3333333333333,1654.3333333333333,,453.0,2030.0,1.0,2.0,Android,66.66666666666666,33.33333333333333
googlearchive/polymer-tutorial,25.785714285714285,21.80952380952381,,88.23809523809524,948.4761904761905,,852.2142857142857,935.0714285714286,14.0,7.0,Android,33.33333333333333,66.66666666666666
googlearchive/polymer-upgrade,,7.75,,154.25,2023.75,,,,0.0,4.0,Android,100.0,0.0
googlearchive/polymerchromeapp,,2.0,,1.5,1269.5,,,,0.0,2.0,Android,100.0,0.0
googlearchive/polymon-issues,0.0,3.0,,49.4,2086.6,,25.0,1965.0,1.0,4.0,Android,80.0,20.0
googlearchive/polystyles,,1.0,,1303.0,1369.0,,,,0.0,1.0,Android,100.0,0.0
googlearchive/polyup,8.116279069767442,62.857142857142854,,637.8571428571429,1943.873015873016,,290.3488372093023,2498.2558139534885,43.0,20.0,Android,31.746031746031743,68.25396825396825
googlearchive/prettify-element,30.0,2.5,,248.25,1012.25,,132.0,2058.0,2.0,2.0,Android,50.0,50.0
googlearchive/progressive-webapp-config,5.0,3.6,,904.0,2400.2,,10994.25,1981.25,4.0,1.0,Android,20.0,80.0
googlearchive/projects,274.5,17.0,,3679.846153846154,1110.3076923076924,,8683.5,1633.6666666666667,6.0,7.0,Android,53.84615384615385,46.15384615384615
googlearchive/prpl-rain,,2.0,,1006.0,2683.0,,,,0.0,1.0,Android,100.0,0.0
googlearchive/pubsubbeat,223.77777777777777,23.055555555555557,,58.111111111111114,2317.6666666666665,,50.55555555555556,2962.0555555555557,18.0,0.0,Android,0.0,100.0
googlearchive/pwa-from-scratch,3.6,6.0,,1087.7777777777778,1756.6666666666667,,215.0,790.25,5.0,4.0,Android,44.44444444444444,55.55555555555556
googlearchive/py-gfm,227.0,11.266666666666667,,1295.2,1456.8666666666666,,1602.0,2454.4285714285716,8.0,7.0,Android,46.666666666666664,53.333333333333336
googlearchive/pywebsocket,222.57241379310344,73.39310344827587,,1399.5172413793102,365.88965517241377,,1245.5793103448275,579.0275862068966,145.0,0.0,Android,0.0,100.0
googlearchive/quiver_collection,,10.0,,30.0,1998.0,,,,0.0,1.0,Android,100.0,0.0
googlearchive/quiver_hashcode,9.0,8.0,,550.0,2666.5,,86.0,2292.0,1.0,1.0,Android,50.0,50.0
googlearchive/quiver_strings,1.0,13.0,,4.0,1592.0,,543.0,2614.0,1.0,0.0,Android,0.0,100.0
googlearchive/realtime-cube,,7.666666666666667,,6.666666666666667,890.6666666666666,,,,0.0,3.0,Android,100.0,0.0
googlearchive/realtime-playground,0.6666666666666666,11.181818181818182,,10298.90909090909,1080.8181818181818,,6939.666666666667,913.3333333333334,3.0,8.0,Android,72.72727272727273,27.27272727272727
googlearchive/realtime-tasks,158.0,7.0,,128.57142857142858,1013.4285714285714,,185.0,1404.6,5.0,2.0,Android,28.57142857142857,71.42857142857143
googlearchive/sample-framework-boot,158.5,9.125,,26171.75,1716.25,,1281.5,2369.0,2.0,6.0,Android,75.0,25.0
googlearchive/sample-media-pwa,11.6875,22.176470588235293,,354.38235294117646,1398.1764705882354,,1757.4375,2050.75,16.0,18.0,Android,52.94117647058824,47.05882352941176
googlearchive/sampler-scaffold,73.0,3.5,,119.5,1735.5,,202.0,1863.0,1.0,1.0,Android,50.0,50.0
googlearchive/sandbox,4.0,2.0,,14193.333333333334,1779.3333333333333,,239.5,2079.5,2.0,1.0,Android,33.33333333333333,66.66666666666666
googlearchive/sauce-element,,5.0,,10.0,1402.0,,,,0.0,1.0,Android,100.0,0.0
googlearchive/science-journal,19.4,32.714285714285715,,194.9591836734694,1642.734693877551,,105.8,1898.9333333333334,15.0,34.0,Android,69.38775510204081,30.612244897959183
googlearchive/science-journal-ios,104.0,46.64705882352941,,135.85294117647058,2804.294117647059,,55.0,4088.0,2.0,32.0,Android,94.11764705882352,5.88235294117647
googlearchive/seed-element,72.39393939393939,42.270270270270274,,6279.2972972972975,1358.7297297297298,,10410.757575757576,1610.4242424242425,33.0,4.0,Android,10.81081081081081,89.1891891891892
googlearchive/sencha-video-player-app,,1.0,,22.0,67.0,,,,0.0,1.0,Android,100.0,0.0
googlearchive/shuttle,,1.0,,0.0,764.0,,,,0.0,1.0,Android,100.0,0.0
googlearchive/simian,74.08695652173913,39.86274509803921,,54.490196078431374,1335.7450980392157,,34.21739130434783,579.4347826086956,23.0,28.0,Android,54.90196078431373,45.09803921568628
googlearchive/site-search,,5.0,,34.2,1116.2,,,,0.0,5.0,Android,100.0,0.0
googlearchive/slideshow,,1.0,,78.0,1870.0,,,,0.0,1.0,Android,100.0,0.0
googlearchive/solutions-mobile-backend-starter-android-client,1.5,7.818181818181818,,1.9090909090909092,357.54545454545456,,5.0,185.5,2.0,9.0,Android,81.81818181818183,18.181818181818183
googlearchive/solutions-mobile-backend-starter-ios-client,53.0,2.5,,8.0,948.0,,52.0,400.0,1.0,1.0,Android,50.0,50.0
googlearchive/solutions-mobile-backend-starter-java,2628.0,5.833333333333333,,2.1666666666666665,549.6666666666666,,11.0,4104.0,1.0,5.0,Android,83.33333333333334,16.666666666666664
googlearchive/solutions-mobile-shopping-assistant-backend-java,,1.5,,1.0,26.5,,,,0.0,2.0,Android,100.0,0.0
googlearchive/speech-mic,131.0,1.5,,16.5,862.0,,37671.0,2029.0,1.0,1.0,Android,50.0,50.0
googlearchive/stacky,48.2,5.142857142857143,,120.0,1855.2857142857142,,389.8,2396.4,5.0,2.0,Android,28.57142857142857,71.42857142857143
googlearchive/star-ratings,,5.714285714285714,,5503.857142857143,986.0,,,,0.0,7.0,Android,100.0,0.0
googlearchive/starter-kit-experiments,,1.0,,37673.0,2378.0,,,,0.0,1.0,Android,100.0,0.0
googlearchive/storage-bulk-delete-python,,1.5,,35.5,589.5,,,,0.0,2.0,Android,100.0,0.0
googlearchive/storage-getting-started-go,75.5,4.333333333333333,,3393.6666666666665,2173.3333333333335,,526.0,1529.0,2.0,1.0,Android,33.33333333333333,66.66666666666666
googlearchive/storage-getting-started-javascript,26.0,9.222222222222221,,10.777777777777779,678.8888888888889,,25.0,495.3333333333333,3.0,6.0,Android,66.66666666666666,33.33333333333333
googlearchive/storage-getting-started-php,0.0,3.6666666666666665,,156.83333333333334,1120.0,,467.0,2062.5,2.0,4.0,Android,66.66666666666666,33.33333333333333
googlearchive/storage-getting-started-python,,2.6666666666666665,,496.6666666666667,1410.3333333333333,,,,0.0,3.0,Android,100.0,0.0
googlearchive/storage-oauth2-tool-python,,2.0,,1355.0,2119.0,,,,0.0,1.0,Android,100.0,0.0
googlearchive/streetsphere,28.2,3.5,,350.0,1263.8333333333333,,783.0,2137.6,5.0,1.0,Android,16.666666666666664,83.33333333333334
googlearchive/style-guide,101.0,8.333333333333334,,52.0,1176.0,,2096.3333333333335,1501.6666666666667,3.0,0.0,Android,0.0,100.0
googlearchive/substratum,,3.0,,137.0,2279.0,,,,0.0,1.0,Android,100.0,0.0
googlearchive/swipeable-card,5.0,5.666666666666667,,898.0,1344.3333333333333,,22.0,1557.0,1.0,2.0,Android,66.66666666666666,33.33333333333333
googlearchive/symfony-standard,,2.5,,74.25,1336.5,,,,0.0,4.0,Android,100.0,0.0
googlearchive/tango-examples-c,54.333333333333336,88.23076923076923,,204.42307692307693,1175.0384615384614,,40.833333333333336,1052.8333333333333,6.0,20.0,Android,76.92307692307693,23.076923076923077
googlearchive/tango-examples-java,63.09090909090909,75.38709677419355,,14.290322580645162,859.1290322580645,,23.90909090909091,834.1818181818181,11.0,20.0,Android,64.51612903225806,35.483870967741936
googlearchive/tango-examples-unity,101.25490196078431,68.77611940298507,,35.88059701492537,1061.641791044776,,39.0,774.1372549019608,51.0,16.0,Android,23.88059701492537,76.11940298507463
googlearchive/test-element,,2.0,,37671.0,1753.0,,,,0.0,3.0,Android,100.0,0.0
googlearchive/test-fixture,18.875,15.0,,66.38461538461539,1664.0,,1650.25,1426.5,8.0,5.0,Android,38.46153846153847,61.53846153846154
googlearchive/test_runner.dart,84.0,20.071428571428573,,226.14285714285714,1516.357142857143,,510.8235294117647,1057.5294117647059,17.0,11.0,Android,39.285714285714285,60.71428571428571
googlearchive/three-js,87.0,3.6666666666666665,,46.333333333333336,647.3333333333334,,99.0,716.0,1.0,2.0,Android,66.66666666666666,33.33333333333333
googlearchive/titan,7.0,2.0,,121.5,3240.5,,58.0,2780.0,1.0,1.0,Android,50.0,50.0
googlearchive/todomvc,6.888888888888889,10.666666666666666,,15740.416666666666,1233.9166666666667,,8893.0,1145.2222222222222,9.0,3.0,Android,25.0,75.0
googlearchive/toolkit-ui,0.5,2.5,,24.5,1474.5,,109.5,1631.5,2.0,0.0,Android,0.0,100.0
googlearchive/topeka,112.92307692307692,20.0,,2680.242424242424,1260.4848484848485,,7198.75,1644.8333333333333,13.0,20.0,Android,60.60606060606061,39.39393939393939
googlearchive/topeka-elements,7.0,4.0,,37.0,1717.4,,102.2,1840.8,5.0,0.0,Android,0.0,100.0
googlearchive/udacity-60fps-samples,,2.5,,21.5,733.0,,,,0.0,2.0,Android,100.0,0.0
googlearchive/untitled-element,,1.0,,15.0,1381.0,,,,0.0,1.0,Android,100.0,0.0
googlearchive/voice-memos,40.69230769230769,21.764705882352942,,1595.1764705882354,1165.4117647058824,,2161.769230769231,1688.076923076923,13.0,21.0,Android,61.76470588235294,38.23529411764706
googlearchive/vrview,73.69718309859155,160.59322033898306,,58.46186440677966,1060.050847457627,,467.6950354609929,1572.6241134751774,142.0,94.0,Android,39.83050847457627,60.16949152542372
googlearchive/wReader-app,,4.5,,26.75,681.5,,,,0.0,4.0,Android,100.0,0.0
googlearchive/wct-watch,,1.0,,1.0,679.0,,,,0.0,1.0,Android,100.0,0.0
googlearchive/web-component-deps,,3.0,,4883.0,2218.0,,,,0.0,1.0,Android,100.0,0.0
googlearchive/web-component-shards,,12.333333333333334,,594.6666666666666,1155.0,,,,0.0,9.0,Android,100.0,0.0
googlearchive/web-push-encryption,25.136363636363637,30.53125,,339.96875,1585.28125,,498.77272727272725,1975.7272727272727,22.0,10.0,Android,31.25,68.75
googlearchive/webplatform-samples,25.0,13.0,,36.0,798.5555555555555,,8.0,818.0,1.0,8.0,Android,88.88888888888889,11.11111111111111
googlearchive/webvr-ui,62.25,12.25,,251.75,1761.1875,,469.75,2268.875,8.0,8.0,Android,50.0,50.0
googlearchive/workbox-microsite,25.925925925925927,69.52380952380952,,6858.119047619048,2043.142857142857,,891.3333333333334,2257.4814814814813,27.0,15.0,Android,35.714285714285715,64.28571428571429
googlearchive/wu-weather,,1.0,,22.0,1258.0,,,,0.0,1.0,Android,100.0,0.0
googlearchive/youtube,0.0,2.0,,18841.0,1491.0,,200.0,1829.0,1.0,1.0,Android,50.0,50.0
googlearchive/yt-video,,1.0,,41.0,569.0,,,,0.0,1.0,Android,100.0,0.0
googlesamples/android-AppUsageStatistics,144.33333333333334,7.363636363636363,,70.9090909090909,800.4545454545455,,1078.6666666666667,1793.3333333333333,3.0,8.0,Android,72.72727272727273,27.27272727272727
googlesamples/android-PermissionRequest,,2.0,,28.666666666666668,1192.6666666666667,,,,0.0,3.0,Android,100.0,0.0
googlesamples/android-custom-lint-rules,48.07692307692308,22.083333333333332,,98.08333333333333,1642.0833333333333,,106.76923076923077,2134.3076923076924,13.0,11.0,Android,45.83333333333333,54.166666666666664
googlesamples/android-dynamic-code-loading,0.5,6.0,,14.444444444444445,1470.7777777777778,,97.5,1470.5,2.0,7.0,Android,77.77777777777779,22.22222222222222
googlesamples/android-media-controller,2.0,30.0,,2.0,2726.0,,2.0,2729.0,1.0,0.0,Android,0.0,100.0
googlesamples/android-play-games-in-motion,169.0,1.5,,80.5,1058.0,,3231.0,1922.0,1.0,1.0,Android,50.0,50.0
googlesamples/android-play-publisher-api,30.333333333333332,35.86440677966102,,166.72881355932202,1171.2881355932204,,1055.6470588235295,1139.4117647058824,18.0,41.0,Android,69.49152542372882,30.508474576271187
googlesamples/android-play-safetynet,19.333333333333332,17.818181818181817,,27.045454545454547,1374.2272727272727,,25.5,735.0,6.0,16.0,Android,72.72727272727273,27.27272727272727
googlesamples/android-testdpc,198.33333333333334,63.4,,106.33043478260869,1448.0260869565218,,14.292307692307693,2165.0307692307692,66.0,49.0,Android,42.608695652173914,57.391304347826086
googlesamples/android-testing-templates,128.125,15.5,,35.3,1314.05,,1093.75,1250.0625,16.0,4.0,Android,20.0,80.0
googlesamples/android-vision,55.66379310344828,235.16075650118202,,105.38534278959811,1019.6359338061466,,78.34782608695652,832.1217391304348,116.0,307.0,Android,72.57683215130024,27.423167848699766
googlesamples/android-vulkan-tutorials,140.3448275862069,45.333333333333336,,305.27272727272725,1476.6060606060605,,98.79310344827586,1630.9310344827586,29.0,4.0,Android,12.121212121212121,87.87878787878788
googlesamples/androidtv-sample-inputs,132.0909090909091,30.71153846153846,,23.153846153846153,1245.9615384615386,,843.5454545454545,1865.909090909091,22.0,30.0,Android,57.692307692307686,42.30769230769231
googlesamples/apk-patch-size-estimator,149.0,3.75,,89.75,1810.75,,59.0,2242.0,1.0,3.0,Android,75.0,25.0
googlesamples/arcore-depth-lab,76.06666666666666,18.142857142857142,,11.514285714285714,1806.2571428571428,,97.33333333333333,2656.9,30.0,5.0,Android,14.285714285714285,85.71428571428571
googlesamples/arcore-lightboard,,1.0,,0.0,1250.0,,,,0.0,1.0,Android,100.0,0.0
googlesamples/arcore-ml-sample,,1.0,,4.0,958.0,,,,0.0,1.0,Android,100.0,0.0
googlesamples/assistant-sdk-cpp,38.51111111111111,40.04347826086956,,10.507246376811594,1060.376811594203,,116.82222222222222,1670.0222222222221,45.0,24.0,Android,34.78260869565217,65.21739130434783
googlesamples/assistant-sdk-nodejs,66.0,7.615384615384615,,6.384615384615385,1145.6153846153845,,158.42857142857142,1547.142857142857,7.0,6.0,Android,46.15384615384615,53.84615384615385
googlesamples/assistant-sdk-python,98.25691699604744,223.2768817204301,,141.91666666666666,1106.3306451612902,,205.93574297188755,1861.0963855421687,253.0,119.0,Android,31.989247311827956,68.01075268817203
googlesamples/brillo-dragonboard-jacksmart,1731.0,1.0,,0.0,49.0,,149.0,2907.0,1.0,0.0,Android,0.0,100.0
googlesamples/cloud-polymer-go,9.5,6.8,,18.2,1281.8,,3.0,1299.0,2.0,3.0,Android,60.0,40.0
googlesamples/easypermissions,18.68686868686869,174.96666666666667,,129.7904761904762,1088.5285714285715,,1459.1565656565656,1218.4646464646464,198.0,12.0,Android,5.714285714285714,94.28571428571428
googlesamples/functions-as-a-service,8.333333333333334,2.0,,121.0,3417.0,,752.0,3013.0,3.0,0.0,Android,0.0,100.0
googlesamples/glass-enterprise-samples,11.555555555555555,22.272727272727273,,3.4545454545454546,1384.2727272727273,,14.555555555555555,2387.222222222222,9.0,2.0,Android,18.181818181818183,81.81818181818183
googlesamples/google-photos,56.888888888888886,7.461538461538462,,156.0,2099.153846153846,,78.66666666666667,1963.4444444444443,9.0,4.0,Android,30.76923076923077,69.23076923076923
googlesamples/google-services,63.65529010238908,264.51629072681703,,101.79197994987469,1188.0601503759399,,862.716723549488,1344.9044368600682,293.0,106.0,Android,26.56641604010025,73.43358395989975
googlesamples/google-signin-unity,6.145833333333333,96.11046511627907,,4.517441860465116,1374.5116279069769,,29.979166666666668,1543.1875,48.0,124.0,Android,72.09302325581395,27.906976744186046
googlesamples/identity-appflip-android,13.0,3.5,,77.5,3007.5,,84.0,3771.0,1.0,1.0,Android,50.0,50.0
googlesamples/identity-appflip-ios,14.5,3.5,,42.5,1894.0,,42.5,1908.5,2.0,0.0,Android,0.0,100.0
googlesamples/identity-appflip-tester-android,13.0,2.0,,84.0,3758.0,,84.0,3771.0,1.0,0.0,Android,0.0,100.0
googlesamples/identity-appflip-tester-ios,13.0,2.0,,84.0,3758.0,,84.0,3771.0,1.0,0.0,Android,0.0,100.0
googlesamples/identity-toolkit-go,15.0,10.0,,11.5,1275.5,,7.0,1289.0,1.0,3.0,Android,75.0,25.0
googlesamples/identity-toolkit-ios,6.0,9.0,,1.6666666666666667,907.0,,1.0,387.0,1.0,2.0,Android,66.66666666666666,33.33333333333333
googlesamples/identity-toolkit-java,,5.0,,7.0,2106.0,,,,0.0,1.0,Android,100.0,0.0
googlesamples/identity-toolkit-node,8.5,4.666666666666667,,76.0,1440.6666666666667,,1.5,938.5,2.0,1.0,Android,33.33333333333333,66.66666666666666
googlesamples/identity-toolkit-php,70.0,4.0,,275.5,1508.0,,269.0,1228.5,2.0,0.0,Android,0.0,100.0
googlesamples/io2014-codelabs,46.357142857142854,11.647058823529411,,302.70588235294116,1251.1176470588234,,30.928571428571427,329.7857142857143,14.0,3.0,Android,17.647058823529413,82.35294117647058
googlesamples/io2015-codelabs,95.23255813953489,83.8896103896104,,150.01298701298703,1231.0974025974026,,854.9302325581396,1309.139534883721,43.0,111.0,Android,72.07792207792207,27.92207792207792
googlesamples/ios-nearby,19.25,26.2,,9.25,1096.675,,5.375,1298.375,8.0,32.0,Android,80.0,20.0
googlesamples/ios-vision,6.4,18.727272727272727,,135.84848484848484,1164.0,,1.0,985.0,5.0,28.0,Android,84.84848484848484,15.151515151515152
googlesamples/maps-deckgl-scatterplot-example,,2.0,,152.0,610.0,,,,0.0,1.0,Android,100.0,0.0
googlesamples/mlkit,96.09859154929578,173.5019920318725,,14.768924302788845,1738.3705179282867,,15.948356807511738,1801.3427230046948,213.0,38.0,Android,15.139442231075698,84.86055776892431
googlesamples/mugo,5.0,5.428571428571429,,443.2857142857143,2971.4285714285716,,991.0,3037.0,1.0,6.0,Android,85.71428571428571,14.285714285714285
googlesamples/sceneform-samples,0.0,3.0,,0.4,975.6,,0.0,249.0,1.0,4.0,Android,80.0,20.0
googlesamples/task-interop,32.0,6.0,,3.0,3941.0,,3.0,3974.0,1.0,0.0,Android,0.0,100.0
googlesamples/unity-jar-resolver,50.05665722379604,229.58928571428572,,26.183673469387756,1617.2372448979593,,39.39943342776204,1627.0651558073655,353.0,39.0,Android,9.948979591836734,90.05102040816327
googlesamples/vulkan-basic-samples,167.9,22.476190476190474,,57.714285714285715,1146.7142857142858,,61.45,1430.35,20.0,1.0,Android,4.761904761904762,95.23809523809523
